VentaID,LineaID,FechaVenta,ProductoID,TiendaID,ClienteID,CanalID,EmpleadoID,MetodoPagoID,Cantidad,PrecioUnitario,CostoUnitario
V00001,1,13/11/2025,P123,T009,C0436,CH02,E000,MP02,7,283.5,194.95
V00001,2,13/11/2025,P143,T009,C0436,CH02,E000,MP02,10,356.04,214.69
V00001,3,13/11/2025,P100,T009,C0436,CH02,E000,MP02,2,296.76,135.61
V00001,4,13/11/2025,P083,T009,C0436,CH02,E000,MP02,5,184.49,84.18
V00002,1,02/09/2023,P053,T009,C0304,CH03,E000,MP03,2,392.48,247.52
V00003,1,19/07/2024,P082,T001,C0658,CH01,E064,MP02,3,510.65,209.2
V00004,1,09/10/2025,P128,T009,C0562,CH03,E000,MP01,2,530.33,240.1
V00004,2,09/10/2025,P012,T005,C0801,CH03,E000,MP03,7,201.71,145.0
V00004,3,09/10/2025,P019,T001,C0973,CH03,E000,MP01,8,738.8,297.29
V00004,4,09/10/2025,P053,T010,C0141,CH03,E000,MP02,2,465.66,260.55
V00005,1,01/01/2024,P027,T013,C0579,CH03,E000,MP01,6,90.01,37.45
V00005,2,01/01/2024,P117,T009,C0141,CH03,E000,MP01,1,430.01,199.14
V00006,1,14/07/2025,P143,T001,C0738,CH03,E000,MP03,10,309.52,181.55
V00006,2,14/07/2025,P012,T001,C0865,CH03,E000,MP03,2,298.13,149.09
V00006,3,14/07/2025,P083,T010,C0708,CH03,E000,MP03,7,155.95,87.52
V00006,4,14/07/2025,P106,T010,C0940,CH03,E000,MP03,8,347.36,236.37
V00007,1,05/03/2023,P054,T005,C0938,CH03,E000,MP01,10,602.48,264.97
V00008,1,24/05/2024,P059,T013,C0002,CH01,E016,MP03,3,180.6,97.86
V00009,1,26/01/2024,P007,T013,C0436,CH03,E000,MP03,3,384.45,223.33
V00009,2,26/01/2024,P016,T009,C0184,CH03,E000,MP02,2,260.25,151.48
V00009,3,26/01/2024,P143,T005,C0658,CH03,E000,MP02,8,15.4,7.16
V00009,4,26/01/2024,P117,T013,C0041,CH03,E000,MP02,8,99.16,71.32
V00010,1,16/01/2026,P054,T009,C0708,CH01,E017,MP02,2,105.37,58.09
V00010,2,16/01/2026,P105,T021,C0658,CH01,E064,MP02,10,177.1,105.34
V00010,3,16/01/2026,P054,T009,C0988,CH01,E017,MP02,8,224.58,94.82
V00010,4,16/01/2026,P082,T005,C0708,CH01,E054,MP02,10,202.83,118.16
V00011,1,21/01/2024,P061,T013,C0940,CH03,E000,MP01,5,297.76,128.57
V00011,2,21/01/2024,P123,T001,C0781,CH03,E000,MP01,5,257.73,103.32
V00011,3,21/01/2024,P048,T010,C0973,CH03,E000,MP01,4,359.77,197.0
V00011,4,21/01/2024,P012,T021,C0494,CH03,E000,MP01,1,297.65,124.7
V00012,1,17/11/2024,P083,T001,C0395,CH01,E083,MP03,10,192.56,90.1
V00012,2,17/11/2024,P083,T001,C0882,CH01,E015,MP03,4,663.98,299.22
V00012,3,17/11/2024,P103,T001,C0154,CH01,E007,MP03,8,201.1,90.98
V00012,4,17/11/2024,P128,T001,C0465,CH01,E064,MP03,8,539.89,248.19
V00013,1,21/05/2025,P076,T013,C0973,CH02,E000,MP03,7,666.84,297.44
V00013,2,21/05/2025,P062,T013,C0982,CH02,E000,MP03,8,699.33,296.86
V00014,1,25/01/2023,P078,T001,C0988,CH01,E077,MP03,3,679.24,295.88
V00014,2,25/01/2023,P115,T001,C0881,CH01,E046,MP03,4,375.8,258.51
V00014,3,25/01/2023,P012,T001,C0658,CH01,E083,MP03,8,605.99,264.84
V00014,4,25/01/2023,P061,T001,C0881,CH01,E066,MP03,8,248.46,204.15
V00015,1,18/03/2025,P117,T001,C0928,CH03,E000,MP03,5,481.3,250.61
V00015,2,18/03/2025,P019,T001,C0096,CH03,E000,MP03,9,381.49,298.56
V00015,3,18/03/2025,P117,T001,C0928,CH03,E000,MP03,9,392.72,188.39
V00016,1,02/07/2023,P061,T009,C0738,CH02,E000,MP02,4,124.77,59.39
V00016,2,02/07/2023,P046,T009,C0801,CH02,E000,MP03,10,131.6,97.06
V00016,3,02/07/2023,P103,T009,C0154,CH02,E000,MP01,10,99.71,46.45
V00016,4,02/07/2023,P004,T009,C0938,CH02,E000,MP01,6,205.89,116.33
V00017,1,10/07/2024,P012,T021,C0002,CH01,E060,MP02,10,449.9,207.39
V00018,1,28/12/2024,P100,T010,C0044,CH03,E000,MP02,7,297.43,206.05
V00018,2,28/12/2024,P106,T010,C0801,CH03,E000,MP02,9,319.65,229.13
V00019,1,17/07/2025,P002,T021,C0982,CH03,E000,MP01,10,651.58,280.53
V00020,1,02/01/2025,P143,T013,C0865,CH03,E000,MP03,9,604.14,274.0
V00020,2,02/01/2025,P011,T009,C0658,CH03,E000,MP03,7,397.71,234.17
V00020,3,02/01/2025,P117,T021,C0096,CH03,E000,MP03,3,268.71,121.35
V00020,4,02/01/2025,P076,T009,C0184,CH03,E000,MP03,5,50.56,26.15
V00021,1,25/01/2026,P011,T009,C0784,CH02,E000,MP01,3,175.35,123.71
V00021,2,25/01/2026,P054,T010,C0046,CH02,E000,MP01,1,212.32,97.04
V00022,1,29/01/2024,P007,T005,C0154,CH02,E000,MP03,9,354.02,174.24
V00022,2,29/01/2024,P126,T005,C0881,CH02,E000,MP03,1,309.62,148.14
V00022,3,29/01/2024,P082,T005,C0141,CH02,E000,MP03,8,28.07,16.43
V00023,1,27/10/2024,P027,T009,C0784,CH02,E000,MP01,9,91.14,69.41
V00023,2,27/10/2024,P012,T009,C0988,CH02,E000,MP01,5,275.59,194.39
V00024,1,06/10/2024,P061,T021,C0494,CH01,E059,MP01,6,180.73,125.39
V00025,1,17/07/2025,P040,T005,C0436,CH03,E000,MP02,9,57.92,29.69
V00026,1,06/12/2023,P126,T013,C0928,CH03,E000,MP02,6,46.82,31.67
V00026,2,06/12/2023,P083,T010,C0881,CH03,E000,MP02,10,244.65,140.48
V00027,1,19/06/2024,P040,T010,C0988,CH01,E004,MP02,1,177.96,84.09
V00028,1,19/10/2023,P143,T013,C0973,CH01,E064,MP03,10,137.56,90.71
V00028,2,19/10/2023,P027,T005,C0154,CH01,E065,MP03,3,220.97,128.56
V00028,3,19/10/2023,P100,T010,C0982,CH01,E060,MP03,5,140.93,112.99
V00028,4,19/10/2023,P012,T009,C0938,CH01,E032,MP03,6,70.37,57.18
V00029,1,17/10/2024,P027,T010,C0184,CH01,E054,MP02,10,63.32,38.11
V00030,1,08/02/2025,P027,T009,C0395,CH02,E000,MP03,5,193.0,85.27
V00031,1,13/11/2023,P002,T009,C0044,CH02,E000,MP03,2,35.16,25.96
V00031,2,13/11/2023,P115,T009,C0154,CH02,E000,MP03,6,218.53,141.52
V00031,3,13/11/2023,P082,T009,C0096,CH02,E000,MP03,5,261.65,134.87
V00031,4,13/11/2023,P019,T009,C0395,CH02,E000,MP03,6,20.06,10.48
V00032,1,21/06/2025,P103,T005,C0738,CH02,E000,MP02,3,90.26,49.18
V00033,1,08/02/2026,P059,T001,C0658,CH03,E000,MP01,9,377.06,191.95
V00033,2,08/02/2026,P078,T013,C0973,CH03,E000,MP01,5,125.86,64.54
V00033,3,08/02/2026,P054,T021,C0044,CH03,E000,MP03,9,391.93,208.12
V00033,4,08/02/2026,P103,T009,C0395,CH03,E000,MP03,10,364.57,200.96
V00034,1,23/11/2024,P062,T010,C0184,CH02,E000,MP01,7,216.68,154.67
V00034,2,23/11/2024,P076,T010,C0562,CH02,E000,MP01,4,571.68,295.49
V00034,3,23/11/2024,P019,T010,C0660,CH02,E000,MP01,3,418.7,264.79
V00035,1,10/04/2023,P027,T009,C0708,CH02,E000,MP02,6,569.32,273.15
V00035,2,10/04/2023,P115,T005,C0938,CH02,E000,MP02,8,354.89,225.59
V00035,3,10/04/2023,P076,T010,C0579,CH02,E000,MP02,7,328.65,266.19
V00035,4,10/04/2023,P105,T010,C0928,CH02,E000,MP02,10,222.94,145.94
V00036,1,16/03/2024,P076,T010,C0881,CH02,E000,MP01,9,241.95,184.96
V00037,1,16/05/2025,P078,T013,C0154,CH03,E000,MP03,7,474.13,267.41
V00037,2,16/05/2025,P123,T013,C0938,CH03,E000,MP03,9,286.03,140.59
V00037,3,16/05/2025,P002,T013,C0044,CH03,E000,MP03,6,164.94,133.72
V00037,4,16/05/2025,P103,T009,C0658,CH03,E000,MP03,1,445.28,233.38
V00038,1,26/11/2023,P128,T001,C0708,CH01,E060,MP01,6,267.08,109.51
V00038,2,26/11/2023,P059,T001,C0708,CH01,E015,MP01,1,62.68,42.97
V00039,1,09/03/2025,P016,T010,C0562,CH03,E000,MP01,4,191.79,131.71
V00039,2,09/03/2025,P054,T009,C0184,CH03,E000,MP01,8,361.07,284.78
V00039,3,09/03/2025,P007,T005,C0141,CH03,E000,MP01,5,210.68,139.28
V00039,4,09/03/2025,P128,T021,C0881,CH03,E000,MP01,3,158.77,74.77
V00040,1,02/12/2025,P011,T013,C0528,CH01,E077,MP02,5,336.52,222.48
V00040,2,02/12/2025,P004,T013,C0708,CH01,E032,MP02,1,106.09,64.46
V00040,3,02/12/2025,P027,T009,C0708,CH01,E059,MP02,7,494.82,229.22
V00040,4,02/12/2025,P053,T010,C0938,CH01,E059,MP02,9,291.34,119.55
V00041,1,25/07/2025,P004,T005,C0579,CH02,E000,MP01,10,362.25,181.2
V00041,2,25/07/2025,P011,T001,C0881,CH02,E000,MP01,2,187.73,76.35
V00041,3,25/07/2025,P016,T010,C0658,CH02,E000,MP01,2,174.32,143.18
V00042,1,21/01/2026,P106,T001,C0801,CH02,E000,MP01,3,495.51,223.11
V00043,1,15/06/2025,P103,T005,C0784,CH03,E000,MP03,1,222.34,115.94
V00043,2,15/06/2025,P126,T021,C0528,CH03,E000,MP03,10,384.93,293.32
V00043,3,15/06/2025,P027,T001,C0465,CH03,E000,MP03,10,137.95,65.79
V00043,4,15/06/2025,P115,T013,C0465,CH03,E000,MP03,2,8.0,6.38
V00044,1,15/06/2023,P128,T013,C0115,CH01,E012,MP01,10,285.82,128.1
V00045,1,20/06/2023,P059,T010,C0982,CH03,E000,MP02,1,389.89,172.46
V00046,1,04/09/2024,P105,T001,C0940,CH01,E064,MP03,7,247.06,161.53
V00046,2,04/09/2024,P027,T001,C0184,CH01,E004,MP03,2,128.95,56.24
V00046,3,04/09/2024,P062,T001,C0660,CH01,E004,MP03,8,38.62,30.29
V00047,1,03/01/2026,P123,T001,C0738,CH01,E054,MP01,5,163.77,117.4
V00047,2,03/01/2026,P082,T013,C0801,CH01,E007,MP01,9,224.77,102.28
V00047,3,03/01/2026,P053,T021,C0115,CH01,E059,MP01,10,326.51,231.72
V00048,1,28/07/2023,P115,T010,C0096,CH03,E000,MP02,8,245.66,100.61
V00048,2,28/07/2023,P059,T009,C0781,CH03,E000,MP02,7,267.4,125.88
V00049,1,25/06/2023,P117,T005,C0938,CH02,E000,MP01,2,84.99,58.34
V00049,2,25/06/2023,P082,T021,C0154,CH02,E000,MP03,5,440.23,260.64
V00049,3,25/06/2023,P054,T009,C0395,CH02,E000,MP03,5,68.22,42.04
V00050,1,11/05/2025,P105,T005,C0988,CH01,E046,MP01,9,16.77,12.62
V00051,1,28/02/2024,P078,T001,C0096,CH03,E000,MP01,1,103.21,75.84
V00052,1,02/04/2023,P004,T005,C0395,CH02,E000,MP02,6,318.23,147.52
V00052,2,02/04/2023,P128,T021,C0141,CH02,E000,MP02,3,128.23,76.69
V00053,1,15/03/2025,P128,T009,C0436,CH01,E032,MP02,4,617.96,262.05
V00053,2,15/03/2025,P143,T001,C0212,CH01,E012,MP02,1,172.3,102.33
V00053,3,15/03/2025,P004,T009,C0579,CH01,E077,MP02,1,164.66,87.07
V00054,1,12/10/2025,P046,T001,C0528,CH02,E000,MP01,7,92.75,45.11
V00054,2,12/10/2025,P004,T021,C0304,CH02,E000,MP01,8,270.69,132.57
V00054,3,12/10/2025,P128,T005,C0660,CH02,E000,MP01,3,185.22,74.99
V00055,1,04/01/2025,P007,T005,C0436,CH03,E000,MP01,8,386.59,242.15
V00056,1,14/01/2025,P027,T005,C0973,CH02,E000,MP03,8,125.54,78.47
V00056,2,14/01/2025,P061,T013,C0938,CH02,E000,MP03,5,384.86,177.6
V00057,1,31/08/2024,P059,T010,C0465,CH03,E000,MP03,9,376.55,154.17
V00057,2,31/08/2024,P040,T013,C0938,CH03,E000,MP03,9,44.54,35.78
V00057,3,31/08/2024,P019,T005,C0562,CH03,E000,MP03,2,288.64,144.42
V00058,1,20/10/2024,P007,T009,C0436,CH01,E070,MP03,5,205.37,124.38
V00058,2,20/10/2024,P126,T009,C0528,CH01,E066,MP02,3,446.61,179.31
V00059,1,17/07/2025,P076,T005,C0738,CH02,E000,MP03,6,629.31,278.97
V00059,2,17/07/2025,P103,T013,C0002,CH02,E000,MP03,4,116.39,64.85
V00060,1,20/03/2023,P007,T001,C0708,CH01,E012,MP03,3,30.56,18.04
V00060,2,20/03/2023,P019,T013,C0115,CH01,E012,MP03,6,415.6,271.47
V00060,3,20/03/2023,P126,T009,C0928,CH01,E012,MP03,9,129.62,67.15
V00061,1,18/09/2024,P106,T013,C0982,CH01,E059,MP03,6,286.82,192.9
V00061,2,18/09/2024,P027,T009,C0579,CH01,E015,MP03,2,353.0,174.65
V00061,3,18/09/2024,P054,T005,C0395,CH01,E046,MP03,9,14.38,9.68
V00062,1,01/01/2024,P054,T013,C0494,CH01,E072,MP02,8,592.95,280.96
V00062,2,01/01/2024,P059,T001,C0212,CH01,E016,MP02,4,232.84,158.65
V00062,3,01/01/2024,P100,T005,C0938,CH01,E012,MP03,8,428.35,220.91
V00063,1,15/11/2023,P143,T009,C0579,CH03,E000,MP01,1,426.94,191.92
V00063,2,15/11/2023,P082,T005,C0184,CH03,E000,MP02,5,310.6,127.16
V00064,1,12/04/2024,P143,T005,C0528,CH03,E000,MP02,6,283.77,153.36
V00064,2,12/04/2024,P002,T005,C0115,CH03,E000,MP02,4,121.78,60.4
V00065,1,17/12/2024,P103,T005,C0044,CH03,E000,MP02,10,540.53,284.01
V00065,2,17/12/2024,P046,T013,C0041,CH03,E000,MP02,9,231.91,165.29
V00065,3,17/12/2024,P046,T009,C0115,CH03,E000,MP02,2,41.96,18.02
V00066,1,12/03/2025,P128,T010,C0184,CH01,E032,MP02,9,378.66,223.85
V00066,2,12/03/2025,P082,T010,C0002,CH01,E059,MP02,10,416.91,195.18
V00066,3,12/03/2025,P053,T021,C0658,CH01,E077,MP02,1,501.87,202.65
V00067,1,29/10/2024,P105,T021,C0096,CH03,E000,MP01,10,211.59,120.9
V00068,1,09/07/2025,P076,T010,C0002,CH02,E000,MP02,10,457.2,207.73
V00068,2,09/07/2025,P126,T005,C0494,CH02,E000,MP02,2,271.37,136.22
V00069,1,28/11/2024,P038,T009,C0528,CH03,E000,MP02,7,430.9,184.58
V00070,1,21/11/2023,P059,T013,C0041,CH03,E000,MP03,5,381.52,236.24
V00071,1,06/10/2025,P046,T005,C0973,CH02,E000,MP02,2,94.84,40.22
V00071,2,06/10/2025,P054,T021,C0044,CH02,E000,MP02,7,175.85,111.3
V00071,3,06/10/2025,P059,T013,C0115,CH02,E000,MP02,10,288.47,137.3
V00072,1,17/02/2023,P143,T005,C0141,CH03,E000,MP01,1,544.66,273.54
V00073,1,07/07/2024,P123,T005,C0046,CH02,E000,MP02,5,329.93,152.23
V00073,2,07/07/2024,P076,T005,C0044,CH02,E000,MP02,8,43.59,23.11
V00074,1,25/03/2024,P004,T013,C0494,CH03,E000,MP01,10,419.99,264.76
V00074,2,25/03/2024,P083,T013,C0528,CH03,E000,MP01,10,271.51,112.13
V00075,1,15/01/2024,P082,T010,C0512,CH01,E032,MP02,4,394.21,281.83
V00075,2,15/01/2024,P048,T010,C0928,CH01,E072,MP02,1,388.86,211.57
V00075,3,15/01/2024,P082,T010,C0304,CH01,E060,MP02,2,347.14,271.25
V00075,4,15/01/2024,P012,T010,C0708,CH01,E079,MP02,2,37.4,17.88
V00076,1,28/11/2023,P046,T009,C0781,CH03,E000,MP03,8,278.04,213.79
V00076,2,28/11/2023,P002,T005,C0096,CH03,E000,MP03,1,14.97,12.06
V00076,3,28/11/2023,P143,T013,C0928,CH03,E000,MP03,10,354.07,166.96
V00076,4,28/11/2023,P082,T013,C0494,CH03,E000,MP03,6,346.88,252.31
V00077,1,25/11/2025,P002,T005,C0658,CH02,E000,MP03,3,219.69,153.69
V00077,2,25/11/2025,P082,T005,C0041,CH02,E000,MP03,1,55.76,42.45
V00077,3,25/11/2025,P076,T005,C0660,CH02,E000,MP03,8,11.18,5.76
V00078,1,08/12/2023,P126,T010,C0494,CH02,E000,MP02,2,170.86,86.07
V00078,2,08/12/2023,P040,T010,C0881,CH02,E000,MP02,2,591.53,240.6
V00078,3,08/12/2023,P059,T010,C0436,CH02,E000,MP01,9,284.2,133.9
V00078,4,08/12/2023,P117,T010,C0494,CH02,E000,MP01,2,542.71,229.8
V00079,1,25/09/2025,P002,T013,C0708,CH02,E000,MP01,9,354.92,230.43
V00079,2,25/09/2025,P054,T013,C0436,CH02,E000,MP01,6,212.08,106.08
V00080,1,09/03/2023,P123,T010,C0141,CH01,E017,MP03,4,279.79,113.74
V00080,2,09/03/2023,P004,T010,C0738,CH01,E070,MP03,10,243.26,128.35
V00080,3,09/03/2023,P103,T009,C0512,CH01,E032,MP03,10,54.2,35.21
V00081,1,21/08/2024,P105,T010,C0494,CH02,E000,MP01,2,12.89,8.77
V00081,2,21/08/2024,P048,T010,C0395,CH02,E000,MP01,2,220.18,168.35
V00081,3,21/08/2024,P007,T010,C0304,CH02,E000,MP01,10,225.58,172.8
V00081,4,21/08/2024,P126,T010,C0579,CH02,E000,MP01,8,271.27,213.78
V00082,1,11/05/2023,P053,T010,C0882,CH03,E000,MP02,9,286.3,124.77
V00082,2,11/05/2023,P053,T010,C0579,CH03,E000,MP01,6,534.99,259.82
V00082,3,11/05/2023,P083,T021,C0562,CH03,E000,MP02,2,248.52,143.87
V00083,1,03/10/2025,P106,T005,C0940,CH03,E000,MP03,7,8.93,5.09
V00083,2,03/10/2025,P083,T010,C0002,CH03,E000,MP01,3,266.01,113.31
V00083,3,03/10/2025,P016,T005,C0973,CH03,E000,MP01,1,78.49,34.01
V00083,4,03/10/2025,P123,T009,C0988,CH03,E000,MP01,7,27.87,19.01
V00084,1,21/02/2025,P048,T021,C0046,CH02,E000,MP03,4,546.22,229.38
V00084,2,21/02/2025,P105,T001,C0184,CH02,E000,MP03,5,303.23,133.98
V00085,1,20/04/2023,P046,T009,C0212,CH01,E083,MP03,9,352.77,227.37
V00085,2,20/04/2023,P082,T021,C0882,CH01,E064,MP03,9,318.95,148.16
V00085,3,20/04/2023,P123,T013,C0881,CH01,E032,MP03,9,180.29,138.31
V00085,4,20/04/2023,P048,T005,C0212,CH01,E083,MP03,5,300.33,123.13
V00086,1,25/08/2023,P016,T021,C0154,CH01,E070,MP01,3,384.52,172.76
V00086,2,25/08/2023,P004,T010,C0801,CH01,E017,MP01,2,184.52,103.82
V00087,1,02/01/2025,P062,T010,C0041,CH03,E000,MP01,7,206.24,156.01
V00087,2,02/01/2025,P078,T010,C0938,CH03,E000,MP01,7,140.7,81.39
V00088,1,28/11/2023,P083,T001,C0465,CH03,E000,MP03,4,67.53,43.39
V00088,2,28/11/2023,P019,T001,C0781,CH03,E000,MP03,8,528.09,278.55
V00088,3,28/11/2023,P062,T001,C0882,CH03,E000,MP03,6,108.81,47.47
V00089,1,07/12/2024,P105,T021,C0660,CH01,E007,MP01,1,360.4,190.08
V00089,2,07/12/2024,P002,T021,C0982,CH01,E007,MP01,2,602.22,246.82
V00089,3,07/12/2024,P082,T021,C0928,CH01,E007,MP01,4,128.82,91.22
V00089,4,07/12/2024,P048,T021,C0154,CH01,E007,MP01,2,265.73,149.2
V00090,1,16/10/2025,P103,T009,C0528,CH03,E000,MP02,6,125.62,52.2
V00090,2,16/10/2025,P012,T009,C0781,CH03,E000,MP02,7,287.58,162.81
V00091,1,20/02/2026,P012,T001,C0494,CH02,E000,MP01,9,215.9,173.3
V00091,2,20/02/2026,P027,T013,C0212,CH02,E000,MP01,3,84.02,62.19
V00092,1,28/10/2025,P100,T013,C0579,CH02,E000,MP01,1,128.39,58.22
V00093,1,23/05/2025,P048,T009,C0465,CH03,E000,MP03,8,323.01,156.03
V00093,2,23/05/2025,P059,T009,C0881,CH03,E000,MP03,4,427.6,200.96
V00093,3,23/05/2025,P082,T009,C0141,CH03,E000,MP03,5,139.03,77.97
V00093,4,23/05/2025,P004,T009,C0184,CH03,E000,MP03,4,173.04,133.88
V00094,1,19/11/2025,P046,T013,C0465,CH01,E015,MP03,6,102.51,55.5
V00095,1,24/09/2024,P048,T001,C0002,CH02,E000,MP03,3,140.55,68.7
V00095,2,24/09/2024,P103,T021,C0658,CH02,E000,MP03,3,201.54,148.63
V00095,3,24/09/2024,P123,T005,C0988,CH02,E000,MP03,8,356.36,251.76
V00095,4,24/09/2024,P128,T009,C0938,CH02,E000,MP03,8,87.01,41.85
V00096,1,16/04/2025,P016,T005,C0184,CH02,E000,MP03,1,162.89,101.19
V00096,2,16/04/2025,P126,T005,C0096,CH02,E000,MP01,4,700.82,291.8
V00097,1,18/11/2025,P128,T009,C0579,CH03,E000,MP01,3,531.94,272.68
V00097,2,18/11/2025,P123,T010,C0044,CH03,E000,MP01,9,112.37,51.95
V00097,3,18/11/2025,P103,T010,C0562,CH03,E000,MP01,10,284.13,137.47
V00098,1,26/09/2023,P053,T005,C0708,CH03,E000,MP03,1,184.75,79.23
V00098,2,26/09/2023,P115,T001,C0938,CH03,E000,MP03,1,327.54,173.12
V00098,3,26/09/2023,P082,T005,C0046,CH03,E000,MP03,2,140.63,65.17
V00098,4,26/09/2023,P062,T001,C0154,CH03,E000,MP03,9,257.77,137.22
V00099,1,01/06/2023,P038,T010,C0928,CH02,E000,MP03,6,345.45,245.4
V00099,2,01/06/2023,P019,T010,C0928,CH02,E000,MP03,2,99.6,41.73
V00100,1,26/02/2025,P062,T009,C0781,CH02,E000,MP02,2,520.28,211.64
V00101,1,30/03/2023,P128,T009,C0660,CH03,E000,MP01,4,371.33,212.97
V00101,2,30/03/2023,P062,T005,C0304,CH03,E000,MP01,1,338.17,250.63
V00102,1,05/12/2025,P128,T005,C0141,CH03,E000,MP02,7,524.38,225.45
V00102,2,05/12/2025,P011,T010,C0708,CH03,E000,MP02,6,34.75,15.26
V00102,3,05/12/2025,P076,T009,C0041,CH03,E000,MP02,9,172.5,139.27
V00102,4,05/12/2025,P054,T001,C0708,CH03,E000,MP02,4,429.65,289.83
V00103,1,23/11/2025,P061,T009,C0801,CH02,E000,MP03,8,267.5,130.01
V00103,2,23/11/2025,P040,T010,C0784,CH02,E000,MP02,10,232.67,192.77
V00104,1,25/02/2025,P062,T021,C0865,CH01,E016,MP01,10,369.05,158.04
V00105,1,22/10/2024,P054,T010,C0041,CH03,E000,MP03,9,86.5,54.59
V00106,1,13/02/2026,P123,T010,C0988,CH03,E000,MP02,3,356.49,248.99
V00106,2,13/02/2026,P103,T021,C0938,CH03,E000,MP02,7,542.18,243.1
V00107,1,20/02/2023,P115,T021,C0154,CH02,E000,MP03,2,126.27,70.04
V00107,2,20/02/2023,P105,T021,C0465,CH02,E000,MP03,7,327.63,178.71
V00107,3,20/02/2023,P061,T009,C0141,CH02,E000,MP03,3,108.49,81.36
V00108,1,26/06/2024,P054,T021,C0738,CH01,E083,MP02,6,547.47,286.83
V00108,2,26/06/2024,P048,T010,C0738,CH01,E017,MP02,5,429.93,271.08
V00109,1,05/08/2025,P062,T010,C0579,CH01,E032,MP01,7,195.14,112.34
V00109,2,05/08/2025,P061,T001,C0865,CH01,E064,MP01,10,121.66,63.06
V00109,3,05/08/2025,P143,T010,C0579,CH01,E059,MP01,4,155.96,80.23
V00110,1,16/01/2026,P123,T009,C0436,CH02,E000,MP02,4,271.47,108.81
V00110,2,16/01/2026,P059,T005,C0865,CH02,E000,MP02,5,128.89,81.08
V00111,1,21/03/2024,P082,T010,C0184,CH03,E000,MP02,3,13.76,9.53
V00111,2,21/03/2024,P046,T013,C0046,CH03,E000,MP02,2,337.64,242.17
V00112,1,03/04/2023,P128,T013,C0154,CH01,E083,MP02,10,43.49,31.14
V00112,2,03/04/2023,P019,T001,C0465,CH01,E000,MP02,6,353.42,209.75
V00112,3,03/04/2023,P012,T013,C0928,CH01,E054,MP02,2,168.86,120.55
V00112,4,03/04/2023,P040,T013,C0865,CH01,E012,MP02,3,391.66,285.34
V00113,1,08/06/2025,P059,T001,C0184,CH01,E060,MP01,8,587.65,239.42
V00114,1,27/05/2025,P053,T005,C0708,CH01,E066,MP03,1,102.65,78.35
V00114,2,27/05/2025,P027,T010,C0881,CH01,E015,MP03,6,61.59,30.56
V00115,1,20/08/2023,P053,T009,C0154,CH03,E000,MP01,6,200.3,158.19
V00115,2,20/08/2023,P048,T021,C0002,CH03,E000,MP01,6,565.3,278.03
V00116,1,07/03/2023,P019,T010,C0141,CH01,E000,MP01,10,407.41,259.44
V00116,2,07/03/2023,P076,T005,C0154,CH01,E079,MP01,5,346.45,177.86
V00116,3,07/03/2023,P040,T010,C0658,CH01,E070,MP01,8,117.35,53.22
V00117,1,31/01/2026,P059,T001,C0928,CH01,E060,MP01,7,213.67,163.3
V00117,2,31/01/2026,P082,T009,C0579,CH01,E012,MP01,2,228.37,112.16
V00117,3,31/01/2026,P054,T010,C0528,CH01,E017,MP03,9,283.07,230.59
V00117,4,31/01/2026,P027,T021,C0528,CH01,E016,MP01,6,207.03,141.92
V00118,1,01/04/2025,P105,T009,C0988,CH03,E000,MP03,3,499.33,297.87
V00118,2,01/04/2025,P143,T021,C0154,CH03,E000,MP03,6,135.93,81.54
V00118,3,01/04/2025,P059,T005,C0002,CH03,E000,MP03,7,442.05,263.02
V00118,4,01/04/2025,P082,T009,C0154,CH03,E000,MP03,1,202.44,98.88
V00119,1,01/09/2024,P053,T005,C0436,CH01,E015,MP03,2,458.16,247.78
V00119,2,01/09/2024,P059,T001,C0784,CH01,E032,MP03,7,364.42,210.88
V00119,3,01/09/2024,P040,T021,C0512,CH01,E054,MP03,9,383.95,192.09
V00120,1,17/05/2023,P106,T010,C0115,CH02,E000,MP03,5,51.58,24.42
V00121,1,24/11/2023,P103,T005,C0865,CH02,E000,MP03,9,233.91,123.41
V00121,2,24/11/2023,P117,T005,C0465,CH02,E000,MP03,3,59.75,32.73
V00122,1,21/01/2025,P082,T021,C0494,CH01,E065,MP01,6,441.27,269.56
V00122,2,21/01/2025,P007,T001,C0046,CH01,E065,MP01,2,106.73,78.93
V00122,3,21/01/2025,P016,T021,C0882,CH01,E015,MP01,4,39.07,17.73
V00122,4,21/01/2025,P002,T009,C0494,CH01,E059,MP01,1,317.31,166.89
V00123,1,04/09/2025,P004,T005,C0115,CH02,E000,MP03,1,323.93,267.7
V00123,2,04/09/2025,P040,T001,C0141,CH02,E000,MP03,9,316.08,144.66
V00123,3,04/09/2025,P046,T021,C0881,CH02,E000,MP03,9,293.45,145.42
V00124,1,06/09/2023,P078,T010,C0044,CH03,E000,MP03,4,345.55,160.5
V00124,2,06/09/2023,P100,T013,C0973,CH03,E000,MP03,5,339.31,230.29
V00124,3,06/09/2023,P126,T013,C0708,CH03,E000,MP02,10,62.72,40.24
V00124,4,06/09/2023,P123,T005,C0784,CH03,E000,MP03,8,176.42,84.22
V00125,1,31/05/2025,P040,T001,C0494,CH02,E000,MP03,5,394.67,177.72
V00125,2,31/05/2025,P011,T001,C0738,CH02,E000,MP02,7,71.54,32.67
V00126,1,22/08/2025,P105,T010,C0436,CH03,E000,MP01,9,374.92,254.19
V00126,2,22/08/2025,P128,T001,C0041,CH03,E000,MP03,7,420.26,284.03
V00126,3,22/08/2025,P059,T001,C0660,CH03,E000,MP02,2,482.61,271.45
V00127,1,27/10/2023,P002,T010,C0973,CH03,E000,MP02,6,324.32,137.24
V00127,2,27/10/2023,P078,T013,C0708,CH03,E000,MP02,1,117.62,63.54
V00127,3,27/10/2023,P054,T010,C0973,CH03,E000,MP02,5,246.39,133.63
V00127,4,27/10/2023,P016,T001,C0988,CH03,E000,MP02,7,69.84,46.6
V00128,1,15/11/2024,P027,T005,C0882,CH02,E000,MP01,6,461.68,193.74
V00129,1,12/07/2023,P076,T013,C0041,CH02,E000,MP02,6,527.75,227.78
V00129,2,12/07/2023,P128,T013,C0465,CH02,E000,MP02,2,228.23,170.96
V00129,3,12/07/2023,P019,T013,C0184,CH02,E000,MP02,6,323.93,210.51
V00130,1,13/11/2025,P117,T013,C0660,CH02,E000,MP03,9,152.04,88.71
V00130,2,13/11/2025,P027,T001,C0562,CH02,E000,MP03,5,142.72,118.64
V00130,3,13/11/2025,P143,T013,C0784,CH02,E000,MP03,8,563.9,246.49
V00130,4,13/11/2025,P062,T001,C0154,CH02,E000,MP03,9,363.89,233.98
V00131,1,21/02/2023,P048,T001,C0865,CH01,E004,MP03,5,330.51,178.92
V00131,2,21/02/2023,P082,T021,C0046,CH01,E004,MP01,8,151.7,94.22
V00131,3,21/02/2023,P123,T010,C0738,CH01,E077,MP02,6,501.44,212.96
V00132,1,20/05/2024,P126,T001,C0115,CH03,E000,MP02,6,652.3,294.1
V00132,2,20/05/2024,P082,T001,C0784,CH03,E000,MP02,6,572.76,230.39
V00132,3,20/05/2024,P053,T001,C0562,CH03,E000,MP02,10,473.37,226.53
V00132,4,20/05/2024,P115,T001,C0494,CH03,E000,MP02,8,591.04,254.09
V00133,1,18/07/2024,P004,T005,C0940,CH01,E017,MP02,3,332.64,217.7
V00134,1,11/04/2024,P126,T010,C0304,CH01,E059,MP02,4,594.29,247.28
V00134,2,11/04/2024,P106,T010,C0494,CH01,E004,MP02,5,42.94,33.85
V00135,1,04/10/2025,P143,T010,C0436,CH01,E015,MP03,1,577.05,284.87
V00135,2,04/10/2025,P117,T010,C0781,CH01,E015,MP01,1,202.76,98.52
V00136,1,09/04/2025,P016,T010,C0154,CH03,E000,MP02,6,258.89,183.44
V00136,2,09/04/2025,P046,T005,C0096,CH03,E000,MP02,1,340.54,206.03
V00136,3,09/04/2025,P083,T005,C0304,CH03,E000,MP02,4,297.5,181.11
V00136,4,09/04/2025,P106,T010,C0881,CH03,E000,MP02,7,40.4,22.21
V00137,1,31/08/2025,P117,T005,C0988,CH01,E017,MP01,2,46.99,27.21
V00137,2,31/08/2025,P083,T005,C0044,CH01,E016,MP01,6,165.46,107.32
V00137,3,31/08/2025,P062,T009,C0940,CH01,E065,MP01,7,100.33,70.32
V00138,1,19/12/2024,P123,T005,C0562,CH02,E000,MP03,5,63.92,28.87
V00138,2,19/12/2024,P100,T005,C0784,CH02,E000,MP03,10,27.85,20.02
V00139,1,02/03/2024,P117,T009,C0212,CH03,E000,MP03,7,334.82,144.85
V00139,2,02/03/2024,P016,T009,C0041,CH03,E000,MP03,10,25.08,13.0
V00139,3,02/03/2024,P082,T010,C0973,CH03,E000,MP03,1,247.77,139.21
V00140,1,25/08/2023,P106,T013,C0465,CH01,E065,MP01,4,554.5,261.66
V00140,2,25/08/2023,P100,T010,C0512,CH01,E016,MP01,10,415.36,262.28
V00140,3,25/08/2023,P040,T013,C0154,CH01,E059,MP02,3,203.87,129.48
V00141,1,19/12/2025,P078,T010,C0044,CH01,E007,MP02,9,350.31,167.47
V00142,1,13/08/2023,P115,T010,C0660,CH02,E000,MP02,1,558.95,229.81
V00143,1,11/04/2025,P083,T005,C0562,CH03,E000,MP01,3,241.59,105.12
V00143,2,11/04/2025,P128,T005,C0738,CH03,E000,MP01,9,236.06,162.08
V00144,1,05/02/2026,P106,T005,C0141,CH01,E007,MP03,6,100.24,66.2
V00144,2,05/02/2026,P011,T005,C0938,CH01,E079,MP03,5,409.22,230.13
V00145,1,21/01/2024,P038,T005,C0046,CH01,E079,MP01,7,200.91,133.93
V00145,2,21/01/2024,P106,T005,C0041,CH01,E017,MP01,5,367.51,253.88
V00145,3,21/01/2024,P143,T005,C0708,CH01,E000,MP01,1,456.11,204.92
V00145,4,21/01/2024,P040,T005,C0940,CH01,E004,MP01,5,259.49,133.8
V00146,1,10/04/2025,P123,T010,C0928,CH02,E000,MP01,3,133.72,60.98
V00146,2,10/04/2025,P007,T010,C0881,CH02,E000,MP03,7,80.89,54.31
V00146,3,10/04/2025,P004,T010,C0784,CH02,E000,MP03,4,427.38,236.37
V00147,1,15/07/2024,P011,T005,C0982,CH03,E000,MP02,6,233.37,192.71
V00147,2,15/07/2024,P019,T005,C0784,CH03,E000,MP02,6,264.79,135.23
V00148,1,23/05/2023,P105,T013,C0988,CH01,E065,MP01,9,311.58,237.6
V00149,1,22/04/2024,P115,T010,C0973,CH02,E000,MP01,5,374.74,188.36
V00149,2,22/04/2024,P115,T021,C0781,CH02,E000,MP01,9,250.6,175.61
V00150,1,16/01/2024,P012,T005,C0395,CH02,E000,MP01,3,106.41,81.86
V00150,2,16/01/2024,P002,T005,C0865,CH02,E000,MP01,7,530.29,243.2
V00151,1,02/12/2024,P054,T001,C0928,CH03,E000,MP03,8,203.09,120.16
V00151,2,02/12/2024,P002,T013,C0512,CH03,E000,MP03,8,414.52,185.62
V00152,1,25/03/2024,P105,T005,C0938,CH03,E000,MP03,7,53.19,33.29
V00152,2,25/03/2024,P061,T021,C0784,CH03,E000,MP03,4,282.48,114.83
V00153,1,09/08/2025,P105,T013,C0395,CH03,E000,MP03,5,323.95,246.55
V00153,2,09/08/2025,P126,T010,C0881,CH03,E000,MP03,8,628.71,255.55
V00153,3,09/08/2025,P143,T009,C0940,CH03,E000,MP03,6,70.12,41.75
V00153,4,09/08/2025,P061,T013,C0660,CH03,E000,MP03,9,129.03,95.32
V00154,1,30/07/2025,P115,T010,C0562,CH01,E004,MP02,4,232.45,127.57
V00154,2,30/07/2025,P128,T010,C0865,CH01,E079,MP02,6,256.08,148.78
V00154,3,30/07/2025,P078,T001,C0154,CH01,E046,MP02,8,212.2,165.22
V00155,1,30/05/2024,P016,T021,C0436,CH01,E065,MP03,5,530.64,228.92
V00155,2,30/05/2024,P115,T001,C0141,CH01,E012,MP02,1,408.89,211.34
V00156,1,14/05/2023,P082,T010,C0579,CH02,E000,MP03,9,93.42,38.0
V00156,2,14/05/2023,P143,T013,C0660,CH02,E000,MP03,2,190.6,117.64
V00156,3,14/05/2023,P054,T010,C0046,CH02,E000,MP03,5,119.37,54.39
V00156,4,14/05/2023,P103,T013,C0579,CH02,E000,MP03,1,383.7,163.8
V00157,1,16/07/2024,P123,T009,C0562,CH02,E000,MP01,3,216.23,124.52
V00157,2,16/07/2024,P076,T009,C0784,CH02,E000,MP03,4,380.79,205.88
V00157,3,16/07/2024,P106,T009,C0494,CH02,E000,MP03,4,96.63,55.57
V00157,4,16/07/2024,P117,T009,C0865,CH02,E000,MP01,7,316.5,134.35
V00158,1,27/07/2025,P117,T009,C0708,CH02,E000,MP02,6,487.62,261.81
V00158,2,27/07/2025,P011,T010,C0708,CH02,E000,MP02,5,307.65,250.89
V00159,1,08/10/2025,P061,T009,C0041,CH02,E000,MP03,5,337.06,140.99
V00160,1,09/04/2025,P004,T010,C0528,CH01,E007,MP01,3,459.48,272.48
V00160,2,09/04/2025,P007,T009,C0982,CH01,E070,MP01,10,449.44,213.3
V00161,1,20/10/2024,P027,T021,C0940,CH01,E064,MP01,4,523.52,223.21
V00162,1,07/02/2024,P143,T021,C0562,CH02,E000,MP03,2,209.45,95.64
V00163,1,08/05/2023,P078,T009,C0988,CH03,E000,MP01,4,188.86,157.07
V00164,1,22/10/2023,P019,T009,C0988,CH02,E000,MP01,1,105.6,72.07
V00164,2,22/10/2023,P128,T009,C0938,CH02,E000,MP01,7,87.0,58.1
V00165,1,15/05/2024,P128,T001,C0982,CH02,E000,MP01,10,278.55,145.63
V00166,1,14/12/2025,P016,T010,C0982,CH02,E000,MP01,2,454.75,266.24
V00166,2,14/12/2025,P059,T013,C0212,CH02,E000,MP01,3,373.5,187.8
V00166,3,14/12/2025,P011,T021,C0579,CH02,E000,MP01,7,563.77,232.16
V00167,1,14/06/2023,P038,T021,C0465,CH01,E012,MP02,9,62.84,46.61
V00168,1,04/07/2025,P103,T001,C0494,CH03,E000,MP01,8,272.08,177.49
V00168,2,04/07/2025,P100,T001,C0982,CH03,E000,MP01,6,374.58,166.57
V00168,3,04/07/2025,P123,T001,C0304,CH03,E000,MP01,9,367.92,168.32
V00168,4,04/07/2025,P100,T001,C0928,CH03,E000,MP01,5,101.35,45.05
V00169,1,28/08/2025,P143,T013,C0784,CH01,E070,MP01,5,162.07,85.6
V00170,1,16/03/2024,P054,T013,C0512,CH01,E004,MP03,1,461.67,228.9
V00170,2,16/03/2024,P002,T009,C0738,CH01,E077,MP03,2,560.51,266.84
V00170,3,16/03/2024,P078,T013,C0738,CH01,E046,MP03,9,501.69,276.61
V00171,1,31/10/2023,P143,T010,C0141,CH02,E000,MP01,4,223.04,159.31
V00171,2,31/10/2023,P053,T009,C0512,CH02,E000,MP01,8,163.18,120.05
V00171,3,31/10/2023,P019,T009,C0708,CH02,E000,MP01,7,20.02,8.41
V00171,4,31/10/2023,P011,T021,C0115,CH02,E000,MP01,8,290.22,240.39
V00172,1,30/07/2023,P083,T010,C0096,CH03,E000,MP02,10,363.53,147.96
V00172,2,30/07/2023,P128,T009,C0708,CH03,E000,MP02,8,62.73,50.25
V00173,1,18/02/2025,P115,T005,C0046,CH02,E000,MP02,5,441.61,285.43
V00174,1,06/01/2025,P103,T009,C0141,CH01,E070,MP02,6,369.3,197.48
V00174,2,06/01/2025,P027,T021,C0562,CH01,E007,MP02,4,49.73,41.15
V00174,3,06/01/2025,P143,T013,C0938,CH01,E059,MP02,8,36.07,17.91
V00174,4,06/01/2025,P002,T009,C0212,CH01,E032,MP02,1,235.7,161.85
V00175,1,26/07/2024,P011,T009,C0738,CH01,E032,MP03,1,61.07,45.44
V00175,2,26/07/2024,P100,T009,C0002,CH01,E032,MP03,9,470.99,250.42
V00175,3,26/07/2024,P061,T010,C0041,CH01,E032,MP03,7,76.06,44.1
V00176,1,01/03/2023,P016,T010,C0708,CH03,E000,MP02,7,11.27,7.16
V00176,2,01/03/2023,P128,T010,C0154,CH03,E000,MP03,7,694.29,285.32
V00176,3,01/03/2023,P115,T010,C0658,CH03,E000,MP03,9,185.01,90.99
V00177,1,16/01/2024,P105,T013,C0002,CH01,E064,MP01,5,91.97,54.56
V00178,1,12/01/2025,P004,T010,C0512,CH01,E032,MP01,6,176.68,115.54
V00179,1,13/05/2025,P038,T013,C0988,CH01,E017,MP01,2,129.19,69.76
V00180,1,30/03/2025,P062,T005,C0658,CH01,E070,MP01,6,367.56,200.41
V00180,2,30/03/2025,P019,T021,C0865,CH01,E000,MP01,9,348.12,208.22
V00180,3,30/03/2025,P123,T009,C0881,CH01,E079,MP01,1,431.41,224.92
V00181,1,20/02/2026,P062,T010,C0781,CH01,E000,MP02,4,58.8,37.49
V00181,2,20/02/2026,P011,T010,C0046,CH01,E015,MP01,4,24.17,18.1
V00181,3,20/02/2026,P007,T010,C0562,CH01,E004,MP01,6,519.71,271.3
V00181,4,20/02/2026,P083,T010,C0212,CH01,E032,MP03,4,348.27,256.76
V00182,1,04/04/2024,P078,T009,C0436,CH01,E066,MP02,1,407.94,171.12
V00182,2,04/04/2024,P106,T009,C0988,CH01,E077,MP02,10,428.89,174.45
V00182,3,04/04/2024,P027,T009,C0940,CH01,E066,MP02,10,231.21,99.06
V00182,4,04/04/2024,P053,T009,C0494,CH01,E000,MP02,7,310.51,138.55
V00183,1,23/12/2023,P004,T021,C0141,CH03,E000,MP03,1,538.87,241.84
V00184,1,16/11/2023,P002,T009,C0528,CH02,E000,MP02,8,469.01,297.73
V00184,2,16/11/2023,P019,T005,C0465,CH02,E000,MP01,5,402.4,179.27
V00184,3,16/11/2023,P083,T009,C0041,CH02,E000,MP03,6,302.84,156.99
V00185,1,22/01/2026,P076,T013,C0395,CH03,E000,MP03,10,60.64,36.39
V00185,2,22/01/2026,P106,T010,C0395,CH03,E000,MP03,7,536.42,287.81
V00185,3,22/01/2026,P100,T005,C0395,CH03,E000,MP03,5,269.11,158.61
V00186,1,27/12/2024,P078,T005,C0865,CH02,E000,MP01,4,67.36,56.06
V00187,1,26/09/2025,P078,T005,C0882,CH02,E000,MP03,10,416.9,265.14
V00187,2,26/09/2025,P053,T005,C0882,CH02,E000,MP03,7,110.77,61.42
V00188,1,10/06/2024,P062,T010,C0212,CH03,E000,MP03,1,354.95,204.69
V00189,1,06/05/2024,P083,T021,C0738,CH02,E000,MP01,8,106.17,52.72
V00190,1,16/05/2024,P011,T005,C0465,CH03,E000,MP01,5,207.04,103.59
V00190,2,16/05/2024,P016,T005,C0528,CH03,E000,MP02,2,412.26,285.58
V00190,3,16/05/2024,P046,T005,C0046,CH03,E000,MP03,7,555.59,297.04
V00191,1,21/08/2024,P103,T009,C0046,CH03,E000,MP01,8,310.93,176.41
V00192,1,15/08/2024,P115,T005,C0115,CH03,E000,MP02,4,561.76,238.03
V00193,1,26/10/2024,P054,T009,C0096,CH01,E032,MP01,2,21.5,10.45
V00194,1,01/06/2024,P062,T001,C0738,CH01,E060,MP01,1,178.94,76.99
V00195,1,16/07/2023,P038,T001,C0784,CH02,E000,MP02,6,324.77,183.4
V00195,2,16/07/2023,P078,T001,C0512,CH02,E000,MP02,6,141.04,65.02
V00195,3,16/07/2023,P027,T001,C0801,CH02,E000,MP02,2,183.27,99.31
V00195,4,16/07/2023,P103,T001,C0304,CH02,E000,MP02,10,669.18,295.85
V00196,1,14/04/2023,P100,T001,C0494,CH03,E000,MP02,5,440.39,242.92
V00196,2,14/04/2023,P126,T001,C0436,CH03,E000,MP02,9,160.43,128.29
V00196,3,14/04/2023,P126,T001,C0154,CH03,E000,MP02,5,27.17,20.97
V00197,1,14/01/2026,P106,T013,C0096,CH01,E017,MP03,5,119.9,53.31
V00197,2,14/01/2026,P012,T013,C0928,CH01,E017,MP03,5,94.43,43.77
V00198,1,28/09/2024,P123,T005,C0395,CH01,E015,MP02,4,194.39,81.43
V00198,2,28/09/2024,P128,T010,C0801,CH01,E004,MP02,7,32.89,24.77
V00198,3,28/09/2024,P038,T010,C0988,CH01,E015,MP02,7,325.55,143.52
V00199,1,05/01/2024,P106,T009,C0882,CH01,E007,MP03,6,408.74,250.56
V00199,2,05/01/2024,P046,T021,C0154,CH01,E032,MP03,4,107.4,73.86
V00199,3,05/01/2024,P078,T001,C0781,CH01,E012,MP03,6,286.76,136.53
V00199,4,05/01/2024,P100,T001,C0658,CH01,E064,MP03,7,458.81,246.22
V00200,1,19/04/2024,P027,T013,C0115,CH03,E000,MP01,5,382.1,157.61
V00200,2,19/04/2024,P046,T009,C0046,CH03,E000,MP01,7,458.02,259.37
V00201,1,26/01/2024,P054,T005,C0708,CH03,E000,MP02,6,715.96,292.97
V00201,2,26/01/2024,P117,T005,C0988,CH03,E000,MP01,7,87.64,43.95
V00201,3,26/01/2024,P016,T005,C0304,CH03,E000,MP01,6,122.17,54.58
V00202,1,15/10/2024,P054,T010,C0982,CH02,E000,MP03,3,12.75,6.05
V00202,2,15/10/2024,P004,T001,C0041,CH02,E000,MP03,9,162.11,85.96
V00202,3,15/10/2024,P027,T013,C0579,CH02,E000,MP03,6,33.01,17.96
V00203,1,31/07/2024,P027,T001,C0046,CH02,E000,MP03,7,107.41,56.44
V00203,2,31/07/2024,P011,T009,C0465,CH02,E000,MP03,2,97.6,57.04
V00203,3,31/07/2024,P002,T021,C0395,CH02,E000,MP03,5,273.51,179.31
V00203,4,31/07/2024,P143,T009,C0881,CH02,E000,MP03,8,480.51,286.3
V00204,1,14/07/2024,P007,T009,C0154,CH01,E060,MP01,7,121.31,55.42
V00205,1,22/02/2024,P062,T009,C0865,CH02,E000,MP01,2,297.64,129.91
V00205,2,22/02/2024,P100,T009,C0881,CH02,E000,MP01,8,30.94,24.7
V00206,1,11/08/2025,P027,T005,C0044,CH01,E077,MP01,7,305.65,201.67
V00206,2,11/08/2025,P016,T009,C0096,CH01,E007,MP01,4,208.53,158.03
V00206,3,11/08/2025,P117,T013,C0988,CH01,E007,MP01,3,109.79,74.11
V00206,4,11/08/2025,P004,T010,C0658,CH01,E012,MP01,8,455.73,230.11
V00207,1,03/05/2025,P106,T013,C0982,CH02,E000,MP02,7,344.77,215.21
V00207,2,03/05/2025,P062,T013,C0436,CH02,E000,MP02,9,344.95,161.48
V00208,1,17/02/2024,P012,T013,C0562,CH01,E046,MP02,8,582.59,257.5
V00208,2,17/02/2024,P061,T010,C0304,CH01,E060,MP02,5,368.48,201.03
V00208,3,17/02/2024,P038,T005,C0579,CH01,E065,MP02,10,220.19,144.15
V00208,4,17/02/2024,P004,T001,C0465,CH01,E016,MP02,5,265.34,218.81
V00209,1,13/03/2024,P117,T010,C0708,CH03,E000,MP03,4,142.82,58.14
V00209,2,13/03/2024,P053,T021,C0940,CH03,E000,MP02,7,88.45,38.57
V00210,1,15/01/2025,P054,T009,C0002,CH02,E000,MP03,1,278.78,207.02
V00210,2,15/01/2025,P082,T021,C0494,CH02,E000,MP03,2,403.11,174.18
V00210,3,15/01/2025,P016,T005,C0494,CH02,E000,MP01,4,570.09,236.55
V00211,1,21/11/2024,P004,T021,C0465,CH03,E000,MP01,1,419.57,194.81
V00211,2,21/11/2024,P059,T010,C0940,CH03,E000,MP01,9,461.23,193.25
V00212,1,14/09/2024,P076,T010,C0436,CH02,E000,MP03,3,129.74,54.32
V00212,2,14/09/2024,P123,T001,C0141,CH02,E000,MP03,6,204.0,116.23
V00213,1,12/06/2023,P062,T010,C0041,CH03,E000,MP02,4,228.76,93.87
V00213,2,12/06/2023,P059,T005,C0041,CH03,E000,MP02,1,482.02,263.8
V00214,1,20/02/2026,P054,T005,C0212,CH01,E017,MP03,3,351.37,178.21
V00215,1,24/12/2025,P106,T005,C0865,CH02,E000,MP01,6,207.99,163.27
V00216,1,03/02/2026,P128,T001,C0579,CH01,E017,MP03,5,461.04,283.59
V00216,2,03/02/2026,P038,T001,C0865,CH01,E066,MP03,10,428.17,185.83
V00216,3,03/02/2026,P048,T001,C0781,CH01,E059,MP03,7,240.54,159.41
V00216,4,03/02/2026,P016,T001,C0494,CH01,E065,MP03,4,73.76,34.42
V00217,1,04/06/2025,P002,T001,C0041,CH02,E000,MP01,1,281.17,166.58
V00217,2,04/06/2025,P115,T001,C0781,CH02,E000,MP01,5,338.23,137.84
V00217,3,04/06/2025,P105,T001,C0660,CH02,E000,MP01,4,106.93,43.38
V00217,4,04/06/2025,P061,T001,C0973,CH02,E000,MP01,2,177.42,113.4
V00218,1,24/05/2024,P011,T009,C0738,CH01,E046,MP02,10,272.66,120.49
V00218,2,24/05/2024,P128,T009,C0973,CH01,E046,MP03,8,341.07,213.47
V00218,3,24/05/2024,P046,T009,C0096,CH01,E046,MP01,2,527.96,277.64
V00218,4,24/05/2024,P038,T009,C0982,CH01,E046,MP03,5,235.76,160.71
V00219,1,17/10/2023,P038,T010,C0579,CH03,E000,MP01,5,535.4,223.73
V00219,2,17/10/2023,P019,T021,C0988,CH03,E000,MP01,4,233.28,136.77
V00219,3,17/10/2023,P061,T021,C0436,CH03,E000,MP01,4,225.79,104.76
V00219,4,17/10/2023,P062,T021,C0528,CH03,E000,MP01,2,425.42,204.93
V00220,1,03/07/2023,P143,T010,C0658,CH03,E000,MP03,1,322.4,153.07
V00220,2,03/07/2023,P059,T010,C0928,CH03,E000,MP03,5,26.13,16.77
V00221,1,20/01/2024,P062,T005,C0784,CH01,E016,MP01,5,328.57,190.04
V00222,1,22/10/2024,P016,T005,C0096,CH02,E000,MP02,3,550.28,220.33
V00222,2,22/10/2024,P012,T010,C0304,CH02,E000,MP02,9,230.3,177.29
V00222,3,22/10/2024,P082,T010,C0141,CH02,E000,MP02,3,77.13,37.38
V00223,1,08/06/2023,P011,T001,C0096,CH01,E017,MP02,6,612.08,259.24
V00223,2,08/06/2023,P040,T005,C0658,CH01,E017,MP02,7,352.27,272.32
V00223,3,08/06/2023,P078,T021,C0184,CH01,E017,MP02,1,261.24,117.04
V00223,4,08/06/2023,P038,T013,C0002,CH01,E017,MP02,2,288.19,132.86
V00224,1,07/04/2024,P019,T010,C0115,CH03,E000,MP03,4,194.03,139.68
V00224,2,07/04/2024,P062,T001,C0184,CH03,E000,MP03,7,92.27,51.16
V00225,1,12/06/2024,P040,T021,C0041,CH02,E000,MP03,8,312.34,241.36
V00225,2,12/06/2024,P054,T021,C0141,CH02,E000,MP03,10,414.07,212.46
V00225,3,12/06/2024,P038,T009,C0938,CH02,E000,MP03,3,375.94,158.54
V00225,4,12/06/2024,P002,T001,C0784,CH02,E000,MP03,7,401.74,278.79
V00226,1,13/11/2023,P046,T013,C0395,CH03,E000,MP01,6,213.49,122.22
V00226,2,13/11/2023,P048,T010,C0115,CH03,E000,MP01,2,40.76,26.3
V00227,1,08/12/2024,P061,T005,C0096,CH03,E000,MP01,4,364.99,250.89
V00227,2,08/12/2024,P054,T005,C0046,CH03,E000,MP03,1,353.34,240.8
V00227,3,08/12/2024,P038,T005,C0002,CH03,E000,MP02,3,379.21,190.91
V00228,1,18/02/2024,P117,T009,C0395,CH03,E000,MP03,7,459.63,183.96
V00228,2,18/02/2024,P046,T005,C0882,CH03,E000,MP03,5,55.08,32.51
V00228,3,18/02/2024,P040,T005,C0738,CH03,E000,MP03,7,251.02,160.77
V00229,1,07/01/2023,P004,T001,C0738,CH03,E000,MP03,9,293.9,129.29
V00230,1,30/07/2024,P061,T010,C0046,CH02,E000,MP01,10,167.38,127.24
V00230,2,30/07/2024,P100,T010,C0938,CH02,E000,MP01,9,177.45,123.53
V00230,3,30/07/2024,P027,T010,C0046,CH02,E000,MP01,4,447.2,183.34
V00231,1,31/10/2023,P083,T005,C0304,CH02,E000,MP03,7,506.18,262.35
V00231,2,31/10/2023,P128,T005,C0154,CH02,E000,MP03,4,309.76,179.69
V00231,3,31/10/2023,P106,T005,C0212,CH02,E000,MP03,6,17.41,10.49
V00231,4,31/10/2023,P059,T005,C0881,CH02,E000,MP03,2,44.89,30.0
V00232,1,13/02/2025,P105,T021,C0046,CH01,E015,MP03,8,176.15,112.19
V00232,2,13/02/2025,P048,T001,C0988,CH01,E015,MP03,7,301.42,158.35
V00233,1,29/07/2025,P115,T021,C0973,CH01,E059,MP01,3,331.92,180.72
V00234,1,17/12/2024,P007,T010,C0041,CH01,E016,MP01,7,309.92,129.91
V00234,2,17/12/2024,P002,T010,C0184,CH01,E066,MP01,1,236.54,104.79
V00234,3,17/12/2024,P016,T010,C0801,CH01,E004,MP01,10,580.23,264.42
V00234,4,17/12/2024,P040,T010,C0982,CH01,E015,MP01,9,214.15,124.48
V00235,1,12/04/2025,P007,T009,C0928,CH02,E000,MP03,3,384.1,159.64
V00235,2,12/04/2025,P054,T005,C0928,CH02,E000,MP01,7,33.35,22.93
V00236,1,13/11/2024,P002,T005,C0141,CH01,E015,MP03,9,83.96,66.1
V00237,1,01/04/2023,P007,T001,C0784,CH03,E000,MP01,5,57.77,27.66
V00238,1,19/07/2024,P061,T021,C0154,CH03,E000,MP03,6,187.4,128.49
V00239,1,17/01/2023,P082,T009,C0781,CH01,E083,MP01,9,295.86,225.08
V00239,2,17/01/2023,P040,T009,C0738,CH01,E077,MP01,10,364.89,223.94
V00239,3,17/01/2023,P002,T009,C0115,CH01,E000,MP01,9,195.88,119.08
V00239,4,17/01/2023,P016,T009,C0141,CH01,E060,MP01,2,535.63,219.19
V00240,1,15/08/2025,P123,T001,C0141,CH02,E000,MP02,8,130.2,76.27
V00240,2,15/08/2025,P011,T013,C0141,CH02,E000,MP02,10,65.24,45.2
V00240,3,15/08/2025,P105,T005,C0141,CH02,E000,MP02,1,152.68,98.32
V00241,1,07/01/2023,P040,T001,C0784,CH02,E000,MP02,7,189.48,117.65
V00242,1,11/02/2023,P123,T013,C0660,CH03,E000,MP03,3,444.85,194.93
V00242,2,11/02/2023,P016,T013,C0660,CH03,E000,MP03,5,287.65,128.01
V00242,3,11/02/2023,P027,T013,C0660,CH03,E000,MP03,2,396.95,168.61
V00243,1,11/04/2025,P016,T010,C0988,CH03,E000,MP03,7,39.71,25.49
V00243,2,11/04/2025,P040,T001,C0988,CH03,E000,MP03,2,336.23,247.82
V00243,3,11/04/2025,P004,T010,C0436,CH03,E000,MP02,6,202.64,104.97
V00244,1,27/11/2024,P061,T021,C0708,CH02,E000,MP03,7,375.41,209.59
V00244,2,27/11/2024,P128,T013,C0436,CH02,E000,MP02,5,186.46,97.18
V00245,1,07/06/2024,P103,T001,C0781,CH01,E064,MP03,9,197.59,132.3
V00245,2,07/06/2024,P126,T001,C0660,CH01,E004,MP03,9,411.4,187.05
V00245,3,07/06/2024,P083,T021,C0881,CH01,E032,MP03,6,196.24,120.32
V00246,1,27/11/2023,P038,T010,C0212,CH03,E000,MP02,2,95.57,59.91
V00246,2,27/11/2023,P062,T010,C0512,CH03,E000,MP01,4,505.11,259.64
V00246,3,27/11/2023,P012,T010,C0096,CH03,E000,MP03,1,224.82,99.0
V00247,1,17/08/2025,P106,T013,C0781,CH01,E077,MP01,8,342.96,198.09
V00247,2,17/08/2025,P100,T010,C0881,CH01,E007,MP01,3,628.23,297.68
V00247,3,17/08/2025,P103,T021,C0046,CH01,E060,MP01,5,395.83,206.54
V00247,4,17/08/2025,P100,T009,C0304,CH01,E065,MP01,6,217.06,151.91
V00248,1,17/02/2026,P019,T010,C0660,CH01,E060,MP03,5,263.18,168.14
V00248,2,17/02/2026,P059,T001,C0579,CH01,E066,MP03,10,354.06,275.61
V00248,3,17/02/2026,P038,T001,C0562,CH01,E060,MP03,1,189.94,109.17
V00248,4,17/02/2026,P046,T013,C0044,CH01,E060,MP03,6,128.34,53.72
V00249,1,22/01/2023,P059,T005,C0395,CH02,E000,MP01,6,279.83,143.91
V00249,2,22/01/2023,P062,T005,C0046,CH02,E000,MP01,10,87.48,39.88
V00250,1,04/01/2023,P048,T005,C0784,CH01,E004,MP02,7,93.32,43.11
V00250,2,04/01/2023,P117,T013,C0041,CH01,E054,MP02,5,627.95,251.45
V00250,3,04/01/2023,P062,T010,C0494,CH01,E083,MP02,6,389.34,168.88
V00250,4,04/01/2023,P126,T001,C0881,CH01,E007,MP02,8,552.19,232.98
V00251,1,03/06/2023,P082,T021,C0982,CH01,E066,MP03,3,102.96,71.71
V00251,2,03/06/2023,P117,T009,C0928,CH01,E066,MP01,8,122.66,74.31
V00251,3,03/06/2023,P019,T013,C0041,CH01,E012,MP02,1,344.26,261.66
V00251,4,03/06/2023,P012,T005,C0881,CH01,E007,MP01,3,502.91,204.95
V00252,1,31/01/2024,P038,T010,C0436,CH01,E015,MP01,5,175.47,111.1
V00252,2,31/01/2024,P019,T010,C0494,CH01,E083,MP02,4,301.12,147.46
V00252,3,31/01/2024,P011,T010,C0882,CH01,E066,MP03,6,343.8,239.83
V00253,1,26/12/2024,P038,T001,C0973,CH01,E007,MP01,6,347.73,221.44
V00253,2,26/12/2024,P123,T010,C0212,CH01,E012,MP01,7,546.54,220.49
V00253,3,26/12/2024,P054,T013,C0141,CH01,E007,MP01,5,37.42,21.49
V00253,4,26/12/2024,P062,T013,C0395,CH01,E059,MP01,8,151.69,83.25
V00254,1,25/07/2025,P059,T001,C0395,CH03,E000,MP03,3,285.07,127.52
V00255,1,28/03/2025,P082,T009,C0579,CH02,E000,MP02,7,376.99,194.9
V00255,2,28/03/2025,P105,T009,C0184,CH02,E000,MP02,9,451.15,281.71
V00256,1,26/03/2024,P040,T013,C0562,CH03,E000,MP01,3,27.03,11.73
V00257,1,02/12/2023,P007,T001,C0494,CH02,E000,MP01,4,226.8,143.97
V00257,2,02/12/2023,P128,T005,C0304,CH02,E000,MP01,3,178.43,132.32
V00258,1,25/09/2023,P040,T021,C0928,CH03,E000,MP03,7,670.63,285.79
V00258,2,25/09/2023,P126,T009,C0528,CH03,E000,MP02,2,401.45,169.81
V00258,3,25/09/2023,P054,T005,C0304,CH03,E000,MP02,9,304.05,143.09
V00259,1,16/02/2024,P002,T001,C0784,CH02,E000,MP02,3,309.22,222.4
V00259,2,16/02/2024,P100,T001,C0938,CH02,E000,MP02,1,380.49,166.75
V00259,3,16/02/2024,P007,T013,C0154,CH02,E000,MP02,4,395.71,262.41
V00260,1,22/12/2024,P100,T009,C0940,CH01,E032,MP02,2,494.66,198.37
V00260,2,22/12/2024,P123,T021,C0046,CH01,E032,MP02,10,161.57,115.16
V00261,1,15/11/2023,P117,T001,C0579,CH02,E000,MP03,9,326.94,186.76
V00261,2,15/11/2023,P126,T001,C0304,CH02,E000,MP02,3,17.64,9.29
V00261,3,15/11/2023,P143,T001,C0982,CH02,E000,MP01,6,345.89,145.82
V00261,4,15/11/2023,P123,T001,C0562,CH02,E000,MP02,2,437.54,196.5
V00262,1,03/09/2023,P038,T010,C0865,CH02,E000,MP02,3,26.94,13.43
V00262,2,03/09/2023,P115,T013,C0658,CH02,E000,MP02,8,530.33,246.64
V00262,3,03/09/2023,P038,T013,C0882,CH02,E000,MP02,8,255.54,122.15
V00262,4,03/09/2023,P100,T021,C0973,CH02,E000,MP02,1,624.27,268.4
V00263,1,08/08/2023,P027,T013,C0738,CH03,E000,MP01,2,434.98,293.5
V00263,2,08/08/2023,P046,T013,C0658,CH03,E000,MP01,1,81.7,47.83
V00263,3,08/08/2023,P040,T013,C0881,CH03,E000,MP01,4,269.09,112.39
V00264,1,20/09/2023,P027,T001,C0928,CH01,E059,MP02,3,11.59,9.42
V00264,2,20/09/2023,P076,T010,C0928,CH01,E017,MP02,3,291.31,211.36
V00264,3,20/09/2023,P048,T005,C0928,CH01,E012,MP02,9,519.18,227.72
V00265,1,31/03/2023,P115,T009,C0002,CH01,E004,MP01,5,76.64,32.48
V00265,2,31/03/2023,P082,T013,C0494,CH01,E046,MP01,9,396.43,206.88
V00265,3,31/03/2023,P053,T005,C0436,CH01,E032,MP01,4,450.76,265.39
V00265,4,31/03/2023,P027,T013,C0494,CH01,E079,MP01,9,311.9,220.16
V00266,1,05/04/2025,P062,T021,C0881,CH01,E012,MP01,2,336.71,147.07
V00266,2,05/04/2025,P061,T010,C0982,CH01,E072,MP02,9,259.3,142.79
V00266,3,05/04/2025,P076,T009,C0988,CH01,E066,MP01,4,619.37,289.05
V00267,1,11/11/2025,P027,T005,C0881,CH03,E000,MP02,10,282.56,141.79
V00268,1,24/08/2024,P019,T001,C0882,CH02,E000,MP02,1,445.85,216.07
V00268,2,24/08/2024,P012,T009,C0096,CH02,E000,MP02,10,262.54,121.71
V00269,1,04/11/2023,P123,T013,C0154,CH01,E059,MP03,7,254.79,153.23
V00269,2,04/11/2023,P076,T013,C0115,CH01,E066,MP03,5,32.96,24.35
V00270,1,31/08/2024,P117,T010,C0801,CH01,E012,MP02,1,560.95,264.32
V00270,2,31/08/2024,P046,T010,C0041,CH01,E065,MP02,7,532.95,237.87
V00271,1,20/05/2023,P053,T013,C0781,CH02,E000,MP02,6,580.64,276.24
V00271,2,20/05/2023,P106,T001,C0044,CH02,E000,MP02,4,281.4,117.93
V00272,1,20/02/2024,P002,T010,C0304,CH01,E015,MP02,1,423.48,221.17
V00272,2,20/02/2024,P115,T001,C0708,CH01,E079,MP02,10,404.98,234.82
V00273,1,03/04/2023,P078,T009,C0988,CH02,E000,MP02,9,366.86,146.86
V00273,2,03/04/2023,P046,T001,C0184,CH02,E000,MP02,3,536.02,234.8
V00274,1,29/05/2023,P046,T001,C0579,CH02,E000,MP01,5,149.83,68.59
V00275,1,16/11/2024,P027,T009,C0562,CH02,E000,MP02,8,108.39,68.27
V00276,1,24/01/2023,P126,T005,C0465,CH03,E000,MP03,3,316.21,141.62
V00276,2,24/01/2023,P011,T005,C0865,CH03,E000,MP03,9,30.32,17.62
V00276,3,24/01/2023,P106,T005,C0465,CH03,E000,MP03,4,560.08,287.1
V00277,1,02/02/2026,P053,T009,C0046,CH01,E054,MP02,5,71.89,40.73
V00278,1,13/01/2025,P002,T001,C0882,CH02,E000,MP01,8,479.98,280.91
V00278,2,13/01/2025,P105,T021,C0512,CH02,E000,MP01,5,306.4,159.14
V00278,3,13/01/2025,P053,T013,C0579,CH02,E000,MP01,8,261.43,204.46
V00279,1,21/11/2024,P046,T021,C0154,CH02,E000,MP03,6,72.29,30.71
V00279,2,21/11/2024,P004,T021,C0708,CH02,E000,MP03,3,360.69,189.75
V00280,1,01/04/2025,P123,T013,C0141,CH01,E077,MP03,6,139.07,78.84
V00280,2,01/04/2025,P103,T009,C0436,CH01,E000,MP03,1,319.97,224.36
V00280,3,01/04/2025,P046,T021,C0562,CH01,E012,MP03,7,678.5,295.66
V00281,1,31/03/2023,P046,T010,C0784,CH03,E000,MP01,4,80.85,37.54
V00282,1,20/09/2023,P082,T001,C0212,CH02,E000,MP03,9,160.19,64.81
V00282,2,20/09/2023,P083,T001,C0154,CH02,E000,MP03,2,184.55,75.7
V00282,3,20/09/2023,P123,T001,C0988,CH02,E000,MP03,10,396.06,204.51
V00282,4,20/09/2023,P059,T001,C0938,CH02,E000,MP03,4,129.97,101.46
V00283,1,01/04/2023,P062,T010,C0881,CH02,E000,MP01,6,669.96,290.19
V00283,2,01/04/2023,P002,T009,C0738,CH02,E000,MP01,7,259.79,164.12
V00284,1,02/01/2023,P038,T009,C0579,CH01,E007,MP01,7,469.66,203.23
V00284,2,02/01/2023,P027,T013,C0304,CH01,E072,MP03,9,281.87,126.1
V00285,1,10/02/2025,P054,T001,C0801,CH02,E000,MP03,6,57.12,44.61
V00285,2,10/02/2025,P040,T001,C0660,CH02,E000,MP03,6,419.85,236.74
V00285,3,10/02/2025,P007,T001,C0304,CH02,E000,MP03,2,580.25,245.91
V00286,1,24/10/2024,P054,T013,C0708,CH02,E000,MP01,3,130.94,94.42
V00287,1,28/06/2025,P007,T013,C0982,CH02,E000,MP03,7,418.57,178.26
V00287,2,28/06/2025,P061,T005,C0184,CH02,E000,MP03,5,279.71,139.39
V00287,3,28/06/2025,P054,T013,C0579,CH02,E000,MP03,4,69.81,30.63
V00287,4,28/06/2025,P115,T010,C0154,CH02,E000,MP03,5,290.08,234.0
V00288,1,04/02/2025,P059,T009,C0494,CH02,E000,MP03,3,139.16,56.44
V00288,2,04/02/2025,P115,T001,C0658,CH02,E000,MP03,3,250.75,197.95
V00288,3,04/02/2025,P105,T010,C0304,CH02,E000,MP03,8,549.94,244.47
V00289,1,31/05/2025,P027,T009,C0436,CH02,E000,MP01,5,68.11,31.42
V00289,2,31/05/2025,P115,T010,C0044,CH02,E000,MP01,3,343.13,217.91
V00289,3,31/05/2025,P046,T009,C0465,CH02,E000,MP01,1,663.67,281.7
V00289,4,31/05/2025,P011,T009,C0041,CH02,E000,MP01,1,16.23,13.16
V00290,1,01/05/2024,P011,T005,C0212,CH03,E000,MP02,1,150.29,91.82
V00290,2,01/05/2024,P100,T009,C0044,CH03,E000,MP02,10,364.65,241.68
V00291,1,22/11/2024,P100,T010,C0494,CH03,E000,MP03,10,211.24,170.06
V00291,2,22/11/2024,P143,T010,C0784,CH03,E000,MP03,2,20.25,12.82
V00291,3,22/11/2024,P117,T010,C0002,CH03,E000,MP03,10,237.8,192.41
V00291,4,22/11/2024,P012,T010,C0528,CH03,E000,MP03,10,77.47,36.16
V00292,1,03/02/2024,P053,T013,C0002,CH01,E004,MP03,2,45.1,18.67
V00292,2,03/02/2024,P078,T009,C0212,CH01,E004,MP03,2,144.99,71.23
V00293,1,16/09/2025,P019,T009,C0928,CH01,E015,MP01,5,351.01,211.57
V00294,1,01/03/2024,P128,T009,C0115,CH02,E000,MP02,7,149.96,117.22
V00294,2,01/03/2024,P040,T010,C0436,CH02,E000,MP02,10,429.28,202.43
V00295,1,18/09/2025,P117,T009,C0096,CH01,E046,MP03,9,117.72,87.94
V00296,1,30/09/2023,P062,T001,C0141,CH01,E012,MP01,7,354.45,174.09
V00296,2,30/09/2023,P038,T001,C0988,CH01,E032,MP01,7,80.93,38.69
V00296,3,30/09/2023,P002,T005,C0212,CH01,E007,MP02,1,41.26,25.68
V00296,4,30/09/2023,P004,T010,C0212,CH01,E060,MP03,9,49.24,24.51
V00297,1,24/10/2025,P053,T001,C0436,CH02,E000,MP03,6,159.28,104.28
V00297,2,24/10/2025,P076,T013,C0212,CH02,E000,MP03,6,726.47,294.87
V00297,3,24/10/2025,P078,T009,C0940,CH02,E000,MP03,6,203.22,148.68
V00297,4,24/10/2025,P019,T009,C0928,CH02,E000,MP03,2,154.71,109.09
V00298,1,05/07/2024,P053,T010,C0154,CH02,E000,MP03,7,359.76,169.09
V00298,2,05/07/2024,P019,T010,C0154,CH02,E000,MP03,3,473.02,217.51
V00298,3,05/07/2024,P019,T010,C0562,CH02,E000,MP03,7,50.05,29.43
V00299,1,06/10/2024,P117,T005,C0465,CH03,E000,MP01,4,129.85,105.17
V00299,2,06/10/2024,P046,T001,C0044,CH03,E000,MP01,9,122.95,55.63
V00300,1,04/11/2025,P053,T005,C0154,CH01,E017,MP01,9,120.47,70.57
V00301,1,18/11/2023,P076,T013,C0708,CH02,E000,MP01,1,252.82,179.05
V00302,1,01/12/2025,P126,T005,C0708,CH02,E000,MP03,8,471.72,199.54
V00303,1,02/06/2023,P078,T005,C0562,CH01,E004,MP03,9,96.4,46.92
V00303,2,02/06/2023,P027,T010,C0494,CH01,E065,MP03,5,352.85,153.68
V00303,3,02/06/2023,P103,T005,C0881,CH01,E070,MP03,10,692.83,284.6
V00303,4,02/06/2023,P115,T013,C0304,CH01,E016,MP03,5,341.96,177.97
V00304,1,09/02/2026,P076,T021,C0154,CH01,E072,MP01,8,271.69,122.84
V00305,1,14/08/2025,P106,T005,C0881,CH02,E000,MP03,7,120.1,90.23
V00305,2,14/08/2025,P078,T001,C0395,CH02,E000,MP03,7,189.68,143.18
V00305,3,14/08/2025,P115,T001,C0938,CH02,E000,MP03,2,470.72,291.05
V00306,1,19/05/2025,P106,T010,C0881,CH03,E000,MP01,5,487.27,201.86
V00306,2,19/05/2025,P012,T010,C0801,CH03,E000,MP01,10,72.25,29.64
V00307,1,06/01/2025,P126,T009,C0579,CH02,E000,MP03,3,119.28,50.29
V00307,2,06/01/2025,P011,T009,C0579,CH02,E000,MP02,7,15.14,9.0
V00308,1,27/09/2024,P002,T009,C0940,CH01,E072,MP02,1,202.7,86.33
V00308,2,27/09/2024,P103,T009,C0865,CH01,E004,MP02,10,607.81,285.62
V00308,3,27/09/2024,P011,T005,C0041,CH01,E012,MP02,1,364.15,148.1
V00309,1,12/12/2025,P082,T001,C0046,CH02,E000,MP02,4,316.51,193.65
V00309,2,12/12/2025,P054,T009,C0882,CH02,E000,MP02,1,327.24,134.89
V00309,3,12/12/2025,P128,T021,C0562,CH02,E000,MP02,2,243.25,165.72
V00310,1,24/11/2023,P126,T013,C0708,CH03,E000,MP01,2,189.44,106.88
V00311,1,23/11/2024,P053,T001,C0115,CH03,E000,MP02,2,315.41,238.16
V00311,2,23/11/2024,P040,T013,C0973,CH03,E000,MP02,8,314.29,157.35
V00311,3,23/11/2024,P040,T005,C0115,CH03,E000,MP02,3,29.43,13.24
V00312,1,09/03/2023,P126,T001,C0096,CH02,E000,MP03,6,185.83,154.68
V00312,2,09/03/2023,P115,T001,C0928,CH02,E000,MP01,5,113.96,52.88
V00312,3,09/03/2023,P011,T001,C0141,CH02,E000,MP03,6,83.71,38.7
V00312,4,09/03/2023,P059,T001,C0436,CH02,E000,MP03,6,110.26,48.85
V00313,1,25/12/2024,P038,T001,C0436,CH03,E000,MP01,7,272.11,196.57
V00313,2,25/12/2024,P123,T005,C0938,CH03,E000,MP01,4,450.69,230.61
V00314,1,19/07/2024,P061,T010,C0988,CH02,E000,MP03,9,406.21,165.83
V00315,1,08/10/2023,P076,T009,C0738,CH02,E000,MP02,6,508.72,255.94
V00316,1,05/01/2025,P076,T001,C0494,CH01,E070,MP02,9,38.65,23.87
V00316,2,05/01/2025,P061,T013,C0528,CH01,E015,MP02,10,22.13,9.58
V00316,3,05/01/2025,P007,T005,C0044,CH01,E007,MP02,2,641.28,293.62
V00317,1,15/01/2024,P082,T005,C0528,CH01,E066,MP01,4,179.74,135.42
V00317,2,15/01/2024,P062,T010,C0940,CH01,E054,MP01,6,226.86,92.03
V00318,1,31/12/2024,P123,T001,C0579,CH01,E032,MP01,4,265.44,134.91
V00318,2,31/12/2024,P062,T021,C0781,CH01,E032,MP01,4,482.68,211.12
V00318,3,31/12/2024,P004,T009,C0141,CH01,E032,MP02,7,539.73,227.33
V00318,4,31/12/2024,P100,T021,C0212,CH01,E032,MP01,3,375.05,221.59
V00319,1,07/03/2023,P105,T021,C0044,CH01,E016,MP02,8,407.48,222.78
V00319,2,07/03/2023,P048,T010,C0801,CH01,E066,MP02,10,310.7,247.53
V00320,1,31/10/2023,P061,T010,C0938,CH01,E079,MP02,4,648.5,289.96
V00321,1,30/05/2025,P103,T009,C0738,CH02,E000,MP03,2,359.93,235.22
V00321,2,30/05/2025,P046,T009,C0436,CH02,E000,MP03,8,520.38,298.35
V00321,3,30/05/2025,P123,T009,C0512,CH02,E000,MP03,7,219.52,91.61
V00322,1,21/01/2024,P105,T013,C0938,CH02,E000,MP01,10,665.88,299.41
V00322,2,21/01/2024,P126,T009,C0096,CH02,E000,MP01,7,349.17,143.37
V00322,3,21/01/2024,P115,T001,C0115,CH02,E000,MP01,2,85.32,37.73
V00322,4,21/01/2024,P123,T009,C0882,CH02,E000,MP01,5,448.43,273.58
V00323,1,19/08/2025,P002,T009,C0512,CH01,E015,MP01,9,262.29,128.8
V00323,2,19/08/2025,P082,T009,C0938,CH01,E015,MP01,3,207.21,123.11
V00323,3,19/08/2025,P083,T013,C0658,CH01,E015,MP01,9,532.76,245.07
V00323,4,19/08/2025,P076,T009,C0096,CH01,E015,MP01,10,559.69,299.7
V00324,1,15/10/2025,P019,T013,C0304,CH02,E000,MP03,8,269.26,141.06
V00324,2,15/10/2025,P027,T013,C0928,CH02,E000,MP03,7,567.3,296.61
V00324,3,15/10/2025,P106,T013,C0436,CH02,E000,MP03,9,368.6,287.78
V00324,4,15/10/2025,P059,T013,C0865,CH02,E000,MP03,9,100.92,43.38
V00325,1,27/03/2025,P016,T013,C0184,CH03,E000,MP02,10,48.84,39.69
V00325,2,27/03/2025,P038,T010,C0046,CH03,E000,MP02,10,260.83,150.73
V00326,1,27/04/2025,P062,T009,C0708,CH02,E000,MP03,10,81.05,63.2
V00326,2,27/04/2025,P106,T009,C0708,CH02,E000,MP03,4,259.27,192.48
V00327,1,02/11/2024,P126,T010,C0115,CH02,E000,MP02,5,30.27,18.55
V00328,1,03/03/2025,P100,T009,C0115,CH01,E064,MP01,1,412.66,282.85
V00328,2,03/03/2025,P117,T021,C0940,CH01,E032,MP01,7,187.13,145.57
V00329,1,14/10/2024,P143,T009,C0973,CH02,E000,MP03,2,376.94,270.61
V00329,2,14/10/2024,P002,T009,C0141,CH02,E000,MP03,10,145.57,72.49
V00329,3,14/10/2024,P103,T009,C0881,CH02,E000,MP03,1,180.37,101.79
V00329,4,14/10/2024,P106,T009,C0154,CH02,E000,MP03,4,544.73,225.32
V00330,1,11/06/2025,P123,T021,C0494,CH01,E007,MP03,10,439.36,185.22
V00330,2,11/06/2025,P059,T009,C0041,CH01,E007,MP03,8,534.34,272.02
V00330,3,11/06/2025,P061,T005,C0738,CH01,E007,MP03,2,555.86,279.69
V00330,4,11/06/2025,P040,T010,C0184,CH01,E007,MP03,1,80.48,41.85
V00331,1,07/02/2025,P059,T010,C0928,CH03,E000,MP01,4,106.98,68.61
V00331,2,07/02/2025,P054,T005,C0141,CH03,E000,MP01,2,312.3,206.9
V00331,3,07/02/2025,P078,T001,C0002,CH03,E000,MP01,4,55.5,39.55
V00331,4,07/02/2025,P100,T001,C0141,CH03,E000,MP01,10,355.83,250.18
V00332,1,25/06/2023,P083,T013,C0982,CH01,E077,MP02,2,492.12,242.42
V00332,2,25/06/2023,P115,T010,C0708,CH01,E017,MP02,2,444.26,204.21
V00333,1,03/12/2024,P103,T005,C0044,CH01,E059,MP02,9,48.9,29.37
V00333,2,03/12/2024,P012,T010,C0115,CH01,E032,MP02,3,348.85,245.89
V00333,3,03/12/2024,P078,T001,C0660,CH01,E000,MP02,3,82.38,67.22
V00333,4,03/12/2024,P027,T021,C0512,CH01,E000,MP02,6,477.46,237.68
V00334,1,16/02/2025,P011,T009,C0465,CH02,E000,MP01,6,581.08,276.64
V00334,2,16/02/2025,P061,T001,C0658,CH02,E000,MP01,8,371.25,282.26
V00334,3,16/02/2025,P061,T021,C0881,CH02,E000,MP01,10,379.58,180.97
V00335,1,17/04/2025,P027,T001,C0865,CH02,E000,MP01,5,516.52,224.29
V00335,2,17/04/2025,P128,T005,C0436,CH02,E000,MP01,3,458.11,285.68
V00335,3,17/04/2025,P053,T021,C0212,CH02,E000,MP01,1,348.02,168.03
V00336,1,02/02/2024,P054,T013,C0528,CH02,E000,MP02,1,445.38,206.41
V00336,2,02/02/2024,P106,T009,C0658,CH02,E000,MP02,2,193.53,106.97
V00336,3,02/02/2024,P011,T005,C0141,CH02,E000,MP02,3,45.43,24.81
V00336,4,02/02/2024,P076,T021,C0002,CH02,E000,MP02,8,14.75,7.74
V00337,1,25/04/2025,P105,T009,C0154,CH03,E000,MP01,4,178.35,91.64
V00338,1,01/03/2023,P100,T021,C0784,CH02,E000,MP02,6,199.65,88.06
V00338,2,01/03/2023,P123,T021,C0801,CH02,E000,MP02,10,163.24,84.75
V00339,1,15/12/2024,P143,T021,C0708,CH03,E000,MP03,2,140.55,89.32
V00339,2,15/12/2024,P078,T001,C0973,CH03,E000,MP03,5,557.94,297.16
V00340,1,08/05/2025,P123,T001,C0212,CH02,E000,MP01,1,532.06,222.5
V00340,2,08/05/2025,P078,T001,C0002,CH02,E000,MP01,10,493.11,207.22
V00341,1,26/12/2024,P061,T010,C0212,CH01,E004,MP01,4,661.97,287.17
V00341,2,26/12/2024,P143,T005,C0212,CH01,E083,MP01,3,27.78,13.49
V00341,3,26/12/2024,P076,T009,C0212,CH01,E007,MP01,6,174.28,91.87
V00341,4,26/12/2024,P143,T021,C0212,CH01,E066,MP01,2,340.42,224.32
V00342,1,12/08/2025,P078,T010,C0212,CH01,E077,MP02,10,492.52,267.03
V00343,1,12/09/2023,P061,T010,C0041,CH03,E000,MP03,8,588.31,281.37
V00343,2,12/09/2023,P083,T021,C0494,CH03,E000,MP03,8,357.92,176.73
V00343,3,12/09/2023,P106,T013,C0395,CH03,E000,MP03,7,277.97,147.45
V00344,1,28/05/2024,P054,T010,C0865,CH01,E015,MP01,2,43.29,21.61
V00344,2,28/05/2024,P115,T021,C0738,CH01,E015,MP01,10,195.37,79.76
V00345,1,03/07/2024,P004,T005,C0882,CH03,E000,MP01,2,365.46,212.65
V00345,2,03/07/2024,P048,T005,C0882,CH03,E000,MP01,8,235.25,175.63
V00345,3,03/07/2024,P062,T005,C0882,CH03,E000,MP01,2,18.24,13.82
V00346,1,30/10/2025,P115,T013,C0154,CH02,E000,MP01,6,340.54,216.56
V00347,1,21/08/2024,P016,T009,C0046,CH03,E000,MP01,3,355.93,284.88
V00347,2,21/08/2024,P117,T009,C0115,CH03,E000,MP01,9,384.06,163.18
V00348,1,25/06/2024,P019,T010,C0928,CH02,E000,MP03,10,472.02,212.89
V00348,2,25/06/2024,P048,T001,C0046,CH02,E000,MP01,4,131.59,101.92
V00349,1,08/05/2023,P103,T005,C0938,CH03,E000,MP01,4,124.87,101.33
V00349,2,08/05/2023,P002,T021,C0304,CH03,E000,MP01,10,330.95,159.8
V00349,3,08/05/2023,P012,T005,C0562,CH03,E000,MP01,1,90.49,42.6
V00350,1,25/10/2025,P100,T010,C0708,CH03,E000,MP01,5,17.69,12.88
V00351,1,21/05/2025,P016,T005,C0562,CH02,E000,MP01,9,434.16,209.68
V00351,2,21/05/2025,P048,T021,C0928,CH02,E000,MP03,2,100.38,40.9
V00351,3,21/05/2025,P117,T009,C0938,CH02,E000,MP02,3,210.11,137.16
V00352,1,31/07/2024,P019,T001,C0882,CH03,E000,MP01,2,549.3,281.62
V00352,2,31/07/2024,P126,T009,C0881,CH03,E000,MP01,9,161.96,112.13
V00353,1,04/01/2025,P007,T009,C0184,CH02,E000,MP03,6,457.6,194.86
V00353,2,04/01/2025,P061,T009,C0141,CH02,E000,MP02,6,388.0,239.12
V00354,1,16/02/2023,P007,T005,C0940,CH03,E000,MP02,10,147.5,89.13
V00355,1,16/08/2025,P076,T009,C0041,CH03,E000,MP03,1,238.8,119.24
V00355,2,16/08/2025,P117,T009,C0096,CH03,E000,MP03,4,127.72,54.95
V00356,1,14/10/2023,P053,T021,C0801,CH03,E000,MP02,7,428.35,267.0
V00356,2,14/10/2023,P019,T009,C0882,CH03,E000,MP02,7,284.53,117.86
V00356,3,14/10/2023,P115,T001,C0882,CH03,E000,MP02,8,524.42,297.19
V00356,4,14/10/2023,P083,T013,C0801,CH03,E000,MP02,8,370.94,286.99
V00357,1,15/05/2023,P076,T021,C0781,CH03,E000,MP01,1,334.86,199.5
V00357,2,15/05/2023,P123,T021,C0046,CH03,E000,MP02,6,116.76,72.33
V00358,1,17/11/2023,P046,T021,C0562,CH01,E054,MP03,2,523.02,294.65
V00358,2,17/11/2023,P082,T013,C0982,CH01,E083,MP03,1,573.3,251.22
V00359,1,04/07/2023,P007,T010,C0881,CH01,E017,MP03,5,148.31,104.37
V00359,2,04/07/2023,P103,T009,C0988,CH01,E032,MP03,9,43.03,26.3
V00359,3,04/07/2023,P062,T013,C0494,CH01,E046,MP03,4,443.18,182.85
V00359,4,04/07/2023,P106,T010,C0212,CH01,E004,MP03,8,63.63,31.68
V00360,1,15/07/2024,P100,T009,C0881,CH03,E000,MP02,4,618.73,267.62
V00360,2,15/07/2024,P128,T009,C0881,CH03,E000,MP02,1,453.94,238.15
V00360,3,15/07/2024,P004,T009,C0881,CH03,E000,MP02,3,142.69,116.17
V00361,1,08/04/2023,P007,T010,C0781,CH03,E000,MP01,5,241.61,160.41
V00361,2,08/04/2023,P076,T010,C0002,CH03,E000,MP01,2,285.33,232.6
V00361,3,08/04/2023,P061,T010,C0154,CH03,E000,MP01,7,392.9,183.26
V00362,1,13/08/2025,P076,T005,C0395,CH03,E000,MP02,7,151.02,77.87
V00362,2,13/08/2025,P011,T005,C0982,CH03,E000,MP02,7,61.71,30.92
V00362,3,13/08/2025,P115,T005,C0436,CH03,E000,MP02,2,137.57,78.76
V00363,1,26/08/2024,P002,T001,C0738,CH01,E059,MP01,4,264.94,131.73
V00363,2,26/08/2024,P054,T021,C0738,CH01,E059,MP01,8,380.73,198.6
V00363,3,26/08/2024,P100,T013,C0738,CH01,E065,MP01,2,125.24,64.96
V00363,4,26/08/2024,P123,T009,C0738,CH01,E070,MP01,8,232.71,97.28
V00364,1,16/06/2025,P076,T010,C0494,CH03,E000,MP01,4,505.75,234.74
V00364,2,16/06/2025,P082,T010,C0973,CH03,E000,MP01,4,527.59,240.85
V00364,3,16/06/2025,P106,T001,C0938,CH03,E000,MP01,9,487.37,273.53
V00364,4,16/06/2025,P011,T010,C0784,CH03,E000,MP01,2,91.16,41.38
V00365,1,19/12/2024,P143,T021,C0784,CH03,E000,MP03,9,199.36,140.47
V00365,2,19/12/2024,P054,T009,C0528,CH03,E000,MP03,1,109.99,79.39
V00365,3,19/12/2024,P019,T001,C0988,CH03,E000,MP03,2,65.88,53.31
V00366,1,23/03/2024,P106,T013,C0436,CH01,E060,MP01,2,52.88,29.53
V00367,1,26/08/2025,P105,T013,C0938,CH01,E054,MP01,2,345.48,252.59
V00367,2,26/08/2025,P027,T013,C0184,CH01,E012,MP01,1,204.39,161.82
V00368,1,09/08/2025,P083,T005,C0212,CH03,E000,MP03,10,22.07,15.42
V00368,2,09/08/2025,P012,T021,C0154,CH03,E000,MP03,8,610.8,260.55
V00368,3,09/08/2025,P117,T009,C0928,CH03,E000,MP03,4,702.8,299.0
V00368,4,09/08/2025,P126,T021,C0041,CH03,E000,MP03,5,422.62,276.44
V00369,1,13/08/2024,P143,T005,C0465,CH01,E083,MP02,7,186.57,83.63
V00369,2,13/08/2024,P100,T005,C0212,CH01,E032,MP02,4,281.74,207.96
V00369,3,13/08/2024,P117,T010,C0865,CH01,E046,MP02,10,685.36,285.59
V00370,1,28/03/2024,P059,T001,C0494,CH03,E000,MP02,1,227.44,170.85
V00370,2,28/03/2024,P016,T001,C0212,CH03,E000,MP02,9,390.97,263.74
V00371,1,27/01/2025,P016,T005,C0141,CH01,E077,MP02,2,255.36,129.3
V00371,2,27/01/2025,P012,T005,C0046,CH01,E060,MP03,2,188.23,149.47
V00371,3,27/01/2025,P100,T005,C0044,CH01,E066,MP02,4,229.24,160.32
V00371,4,27/01/2025,P046,T005,C0882,CH01,E079,MP03,5,257.26,119.74
V00372,1,01/01/2025,P128,T021,C0044,CH01,E015,MP02,2,252.22,141.88
V00373,1,04/10/2023,P082,T009,C0115,CH03,E000,MP03,7,22.6,15.33
V00373,2,04/10/2023,P011,T005,C0938,CH03,E000,MP03,1,195.41,162.53
V00374,1,07/02/2023,P105,T013,C0096,CH03,E000,MP01,9,315.32,173.92
V00374,2,07/02/2023,P040,T005,C0881,CH03,E000,MP01,7,22.36,11.65
V00375,1,29/03/2025,P002,T013,C0141,CH01,E046,MP03,2,30.52,24.8
V00375,2,29/03/2025,P126,T013,C0660,CH01,E072,MP03,9,97.28,71.29
V00375,3,29/03/2025,P054,T013,C0658,CH01,E083,MP03,1,573.98,234.62
V00375,4,29/03/2025,P053,T013,C0579,CH01,E032,MP03,4,32.69,19.92
V00376,1,16/08/2025,P048,T010,C0579,CH01,E070,MP01,4,71.63,56.76
V00376,2,16/08/2025,P117,T001,C0938,CH01,E054,MP01,10,310.87,137.62
V00377,1,27/11/2025,P054,T013,C0940,CH03,E000,MP02,8,446.62,197.86
V00377,2,27/11/2025,P100,T013,C0801,CH03,E000,MP02,3,56.93,45.8
V00377,3,27/11/2025,P103,T013,C0046,CH03,E000,MP03,10,459.45,288.79
V00378,1,05/09/2023,P054,T010,C0660,CH01,E072,MP03,4,492.77,260.44
V00379,1,21/01/2025,P078,T010,C0708,CH01,E059,MP02,4,322.95,236.56
V00380,1,02/10/2023,P083,T005,C0973,CH01,E015,MP03,6,260.64,212.18
V00381,1,08/10/2025,P117,T021,C0141,CH02,E000,MP01,7,520.52,221.57
V00381,2,08/10/2025,P078,T005,C0141,CH02,E000,MP01,6,61.21,30.98
V00381,3,08/10/2025,P016,T013,C0141,CH02,E000,MP01,6,255.04,174.04
V00381,4,08/10/2025,P046,T001,C0141,CH02,E000,MP01,7,422.12,240.45
V00382,1,14/10/2024,P002,T010,C0781,CH02,E000,MP02,2,231.23,100.59
V00382,2,14/10/2024,P100,T001,C0044,CH02,E000,MP02,4,502.98,267.22
V00382,3,14/10/2024,P083,T010,C0781,CH02,E000,MP02,1,75.6,47.13
V00383,1,07/12/2023,P012,T013,C0708,CH01,E059,MP02,4,169.56,87.7
V00383,2,07/12/2023,P106,T005,C0395,CH01,E070,MP02,4,173.9,73.33
V00384,1,18/11/2025,P002,T010,C0046,CH02,E000,MP02,10,120.37,63.87
V00385,1,17/07/2025,P143,T005,C0304,CH02,E000,MP03,9,210.88,87.85
V00385,2,17/07/2025,P115,T005,C0044,CH02,E000,MP03,9,317.09,261.74
V00385,3,17/07/2025,P059,T005,C0738,CH02,E000,MP03,8,318.75,135.42
V00386,1,27/08/2023,P004,T009,C0395,CH01,E064,MP02,9,163.09,93.63
V00386,2,27/08/2023,P053,T001,C0928,CH01,E000,MP02,5,438.94,289.53
V00387,1,18/04/2025,P040,T021,C0304,CH02,E000,MP02,2,327.55,242.32
V00387,2,18/04/2025,P004,T013,C0784,CH02,E000,MP02,4,84.6,56.52
V00387,3,18/04/2025,P128,T013,C0938,CH02,E000,MP02,5,490.88,196.72
V00387,4,18/04/2025,P019,T010,C0882,CH02,E000,MP02,2,176.58,85.68
V00388,1,13/04/2024,P027,T009,C0436,CH01,E064,MP02,4,302.02,247.93
V00388,2,13/04/2024,P054,T005,C0940,CH01,E077,MP02,4,257.38,123.55
V00388,3,13/04/2024,P078,T013,C0928,CH01,E060,MP02,4,283.57,116.19
V00389,1,27/02/2023,P115,T021,C0154,CH02,E000,MP02,2,68.44,29.39
V00389,2,27/02/2023,P083,T013,C0784,CH02,E000,MP02,7,141.82,111.17
V00389,3,27/02/2023,P019,T010,C0002,CH02,E000,MP02,2,104.92,50.73
V00389,4,27/02/2023,P011,T005,C0940,CH02,E000,MP02,6,412.91,185.4
V00390,1,27/08/2024,P002,T001,C0395,CH01,E060,MP02,10,262.77,192.67
V00391,1,13/11/2023,P016,T021,C0465,CH03,E000,MP02,2,411.0,184.2
V00391,2,13/11/2023,P002,T021,C0988,CH03,E000,MP02,2,390.3,239.63
V00391,3,13/11/2023,P027,T001,C0660,CH03,E000,MP02,10,93.87,66.74
V00392,1,06/12/2023,P054,T010,C0928,CH01,E054,MP01,9,153.68,105.24
V00393,1,12/03/2023,P046,T010,C0154,CH03,E000,MP03,2,134.27,79.28
V00393,2,12/03/2023,P048,T010,C0184,CH03,E000,MP03,5,405.59,269.37
V00393,3,12/03/2023,P053,T005,C0528,CH03,E000,MP03,9,227.12,142.59
V00393,4,12/03/2023,P062,T005,C0096,CH03,E000,MP03,4,478.91,286.31
V00394,1,20/01/2024,P117,T009,C0738,CH01,E012,MP02,10,205.86,101.5
V00394,2,20/01/2024,P012,T009,C0784,CH01,E012,MP02,9,444.23,254.61
V00395,1,19/01/2026,P126,T009,C0865,CH02,E000,MP03,9,413.83,252.0
V00396,1,30/04/2025,P046,T013,C0928,CH01,E059,MP02,10,612.75,258.5
V00397,1,15/06/2023,P083,T005,C0928,CH02,E000,MP02,6,526.03,259.39
V00397,2,15/06/2023,P100,T001,C0988,CH02,E000,MP03,10,307.36,180.08
V00397,3,15/06/2023,P027,T021,C0436,CH02,E000,MP02,8,637.95,293.44
V00398,1,07/10/2024,P007,T001,C0940,CH01,E000,MP01,5,389.16,241.37
V00399,1,17/07/2023,P007,T009,C0046,CH01,E016,MP02,3,489.23,287.26
V00399,2,17/07/2023,P002,T009,C0882,CH01,E060,MP02,2,402.45,182.13
V00399,3,17/07/2023,P105,T009,C0738,CH01,E079,MP02,6,630.33,253.08
V00399,4,17/07/2023,P019,T009,C0096,CH01,E083,MP02,7,76.63,33.21
V00400,1,29/05/2023,P011,T010,C0562,CH01,E077,MP01,9,23.74,10.64
V00400,2,29/05/2023,P007,T001,C0982,CH01,E059,MP03,5,313.31,171.8
V00400,3,29/05/2023,P048,T013,C0881,CH01,E077,MP02,2,282.71,166.58
V00401,1,06/02/2026,P048,T010,C0041,CH02,E000,MP03,9,129.5,96.03
V00401,2,06/02/2026,P048,T001,C0465,CH02,E000,MP03,3,424.89,207.9
V00401,3,06/02/2026,P061,T001,C0184,CH02,E000,MP03,1,360.17,151.08
V00402,1,13/12/2023,P061,T001,C0658,CH01,E065,MP03,3,232.41,148.07
V00402,2,13/12/2023,P054,T021,C0044,CH01,E000,MP03,7,156.1,120.53
V00402,3,13/12/2023,P038,T005,C0973,CH01,E065,MP03,7,26.09,20.73
V00403,1,24/09/2025,P083,T009,C0781,CH01,E064,MP02,2,681.97,283.17
V00403,2,24/09/2025,P062,T009,C0436,CH01,E064,MP02,4,299.62,146.82
V00403,3,24/09/2025,P038,T009,C0708,CH01,E079,MP02,7,254.36,137.9
V00404,1,02/02/2025,P061,T021,C0212,CH03,E000,MP02,3,305.42,177.29
V00404,2,02/02/2025,P083,T009,C0579,CH03,E000,MP02,1,106.22,66.65
V00404,3,02/02/2025,P128,T013,C0465,CH03,E000,MP01,7,419.72,201.89
V00405,1,13/09/2023,P046,T013,C0041,CH01,E065,MP03,4,414.45,185.0
V00405,2,13/09/2023,P038,T013,C0512,CH01,E066,MP03,5,194.45,100.46
V00406,1,07/12/2023,P143,T013,C0154,CH02,E000,MP03,4,472.16,218.61
V00407,1,14/11/2023,P115,T021,C0881,CH01,E016,MP02,8,270.42,201.33
V00408,1,14/08/2023,P062,T013,C0562,CH01,E012,MP03,5,90.62,61.32
V00409,1,06/02/2024,P019,T013,C0512,CH01,E064,MP01,9,91.7,40.17
V00409,2,06/02/2024,P019,T005,C0658,CH01,E072,MP01,10,212.95,149.37
V00410,1,23/01/2023,P054,T013,C0708,CH01,E017,MP02,1,506.83,237.66
V00410,2,23/01/2023,P106,T021,C0395,CH01,E017,MP02,6,164.72,91.28
V00411,1,08/02/2023,P103,T009,C0494,CH02,E000,MP02,9,271.47,163.94
V00411,2,08/02/2023,P126,T009,C0494,CH02,E000,MP02,7,45.9,24.45
V00412,1,01/04/2025,P062,T021,C0928,CH02,E000,MP03,5,648.65,276.91
V00412,2,01/04/2025,P100,T001,C0928,CH02,E000,MP03,1,243.32,175.35
V00413,1,17/02/2024,P100,T021,C0738,CH02,E000,MP02,7,301.12,135.81
V00414,1,28/02/2023,P126,T013,C0046,CH02,E000,MP01,6,459.62,225.88
V00414,2,28/02/2023,P004,T005,C0115,CH02,E000,MP01,9,236.17,115.68
V00414,3,28/02/2023,P016,T009,C0784,CH02,E000,MP03,5,492.83,270.33
V00415,1,25/05/2025,P126,T001,C0154,CH02,E000,MP03,7,353.68,259.7
V00415,2,25/05/2025,P117,T005,C0562,CH02,E000,MP03,6,245.04,130.47
V00416,1,26/03/2023,P048,T009,C0212,CH02,E000,MP01,2,139.37,84.21
V00416,2,26/03/2023,P076,T009,C0801,CH02,E000,MP01,8,261.56,188.2
V00417,1,17/10/2025,P082,T010,C0801,CH02,E000,MP03,9,129.91,70.51
V00417,2,17/10/2025,P123,T013,C0881,CH02,E000,MP03,1,170.48,127.98
V00417,3,17/10/2025,P083,T013,C0512,CH02,E000,MP03,8,368.66,282.72
V00418,1,02/07/2025,P059,T005,C0002,CH01,E077,MP02,1,105.64,52.9
V00418,2,02/07/2025,P007,T005,C0881,CH01,E072,MP02,3,116.63,78.46
V00419,1,04/10/2025,P100,T001,C0865,CH02,E000,MP03,9,256.1,196.36
V00419,2,04/10/2025,P007,T009,C0928,CH02,E000,MP01,5,107.24,83.25
V00419,3,04/10/2025,P106,T005,C0184,CH02,E000,MP01,5,399.58,187.33
V00420,1,26/09/2023,P059,T010,C0304,CH03,E000,MP01,5,290.69,162.81
V00421,1,28/05/2025,P105,T005,C0562,CH02,E000,MP03,8,269.91,142.41
V00421,2,28/05/2025,P053,T021,C0041,CH02,E000,MP03,8,235.55,117.34
V00422,1,23/06/2025,P007,T001,C0395,CH03,E000,MP01,3,46.17,30.69
V00422,2,23/06/2025,P078,T005,C0184,CH03,E000,MP01,8,475.25,232.86
V00423,1,15/08/2025,P082,T021,C0660,CH02,E000,MP02,3,386.92,212.55
V00424,1,13/06/2024,P076,T021,C0304,CH01,E064,MP03,3,166.67,94.82
V00424,2,13/06/2024,P117,T010,C0044,CH01,E064,MP03,9,333.44,147.74
V00425,1,06/03/2023,P105,T010,C0494,CH02,E000,MP03,9,37.86,25.71
V00425,2,06/03/2023,P103,T013,C0184,CH02,E000,MP03,5,162.01,68.0
V00425,3,06/03/2023,P106,T021,C0928,CH02,E000,MP03,8,176.95,74.11
V00425,4,06/03/2023,P100,T010,C0046,CH02,E000,MP03,1,125.1,101.37
V00426,1,05/02/2026,P007,T009,C0141,CH01,E070,MP02,10,458.74,221.96
V00427,1,01/01/2026,P062,T010,C0041,CH01,E046,MP01,10,295.36,194.85
V00428,1,16/07/2024,P046,T021,C0395,CH02,E000,MP01,3,415.5,222.24
V00429,1,09/03/2023,P002,T010,C0304,CH03,E000,MP01,7,431.28,226.33
V00429,2,09/03/2023,P040,T010,C0988,CH03,E000,MP01,10,254.64,186.32
V00429,3,09/03/2023,P004,T005,C0928,CH03,E000,MP01,8,368.77,232.84
V00430,1,25/09/2023,P048,T001,C0801,CH01,E007,MP02,9,221.7,129.15
V00431,1,16/02/2025,P019,T009,C0658,CH03,E000,MP02,1,449.1,197.19
V00431,2,16/02/2025,P062,T013,C0154,CH03,E000,MP02,7,264.06,140.41
V00432,1,09/04/2025,P054,T001,C0865,CH03,E000,MP01,6,236.13,155.92
V00433,1,15/03/2025,P105,T009,C0738,CH01,E015,MP01,2,191.98,151.15
V00433,2,15/03/2025,P004,T005,C0973,CH01,E070,MP01,9,390.0,205.88
V00434,1,11/05/2024,P004,T005,C0002,CH03,E000,MP03,6,234.62,98.01
V00435,1,17/07/2025,P007,T010,C0494,CH03,E000,MP01,2,300.58,136.31
V00435,2,17/07/2025,P040,T010,C0988,CH03,E000,MP01,4,18.82,9.51
V00435,3,17/07/2025,P027,T010,C0041,CH03,E000,MP03,2,168.85,114.6
V00435,4,17/07/2025,P002,T010,C0738,CH03,E000,MP02,5,208.99,93.7
V00436,1,16/07/2024,P016,T001,C0708,CH01,E032,MP03,8,134.76,63.84
V00436,2,16/07/2024,P083,T013,C0044,CH01,E017,MP03,7,389.06,196.9
V00436,3,16/07/2024,P103,T010,C0579,CH01,E004,MP03,1,275.39,184.4
V00437,1,20/04/2024,P007,T010,C0528,CH01,E007,MP03,2,329.9,251.97
V00437,2,20/04/2024,P103,T010,C0708,CH01,E007,MP03,2,405.99,230.96
V00438,1,07/08/2024,P007,T010,C0881,CH01,E004,MP03,6,556.27,243.8
V00438,2,07/08/2024,P007,T005,C0046,CH01,E065,MP03,6,113.99,54.95
V00438,3,07/08/2024,P048,T021,C0579,CH01,E016,MP03,10,412.96,192.61
V00438,4,07/08/2024,P053,T005,C0528,CH01,E070,MP03,2,389.97,225.33
V00439,1,19/05/2024,P117,T001,C0002,CH03,E000,MP01,3,524.3,291.44
V00439,2,19/05/2024,P082,T001,C0781,CH03,E000,MP01,6,342.37,243.07
V00439,3,19/05/2024,P103,T001,C0115,CH03,E000,MP01,5,149.37,73.93
V00439,4,19/05/2024,P115,T001,C0928,CH03,E000,MP01,1,343.96,191.4
V00440,1,25/05/2024,P082,T009,C0738,CH02,E000,MP03,5,518.04,282.77
V00440,2,25/05/2024,P040,T010,C0579,CH02,E000,MP03,4,559.19,250.67
V00440,3,25/05/2024,P002,T013,C0528,CH02,E000,MP03,8,487.86,246.71
V00441,1,09/12/2023,P115,T013,C0436,CH01,E066,MP03,3,93.49,68.79
V00441,2,09/12/2023,P105,T009,C0002,CH01,E077,MP03,10,140.43,76.7
V00442,1,05/07/2025,P083,T009,C0988,CH03,E000,MP01,6,688.32,298.67
V00442,2,05/07/2025,P053,T010,C0988,CH03,E000,MP01,9,198.45,82.69
V00442,3,05/07/2025,P011,T005,C0988,CH03,E000,MP01,2,584.07,296.42
V00442,4,05/07/2025,P117,T021,C0988,CH03,E000,MP01,4,506.45,260.16
V00443,1,11/10/2025,P123,T010,C0881,CH02,E000,MP03,9,560.31,268.67
V00444,1,30/12/2024,P012,T021,C0881,CH03,E000,MP02,5,670.73,283.19
V00445,1,25/08/2023,P082,T001,C0141,CH01,E079,MP03,3,364.17,255.89
V00445,2,25/08/2023,P061,T001,C0304,CH01,E046,MP03,3,379.3,215.62
V00445,3,25/08/2023,P076,T001,C0044,CH01,E077,MP03,9,320.36,134.36
V00446,1,30/01/2023,P117,T010,C0184,CH03,E000,MP03,2,188.19,124.25
V00446,2,30/01/2023,P103,T013,C0579,CH03,E000,MP03,1,369.4,148.88
V00447,1,02/05/2025,P027,T010,C0154,CH02,E000,MP02,1,153.65,118.93
V00447,2,02/05/2025,P143,T005,C0154,CH02,E000,MP02,10,559.56,230.17
V00447,3,02/05/2025,P082,T013,C0784,CH02,E000,MP02,6,50.45,38.66
V00447,4,02/05/2025,P007,T013,C0928,CH02,E000,MP02,3,160.3,65.46
V00448,1,11/12/2024,P062,T010,C0096,CH03,E000,MP01,5,586.92,243.76
V00448,2,11/12/2024,P054,T013,C0801,CH03,E000,MP01,6,111.83,46.64
V00448,3,11/12/2024,P062,T001,C0660,CH03,E000,MP03,4,328.24,141.3
V00448,4,11/12/2024,P123,T021,C0096,CH03,E000,MP02,9,352.49,155.03
V00449,1,29/10/2025,P011,T013,C0881,CH03,E000,MP03,9,504.2,248.92
V00449,2,29/10/2025,P007,T005,C0658,CH03,E000,MP01,8,578.83,295.38
V00449,3,29/10/2025,P103,T009,C0973,CH03,E000,MP01,2,565.1,239.04
V00450,1,07/12/2023,P053,T021,C0141,CH03,E000,MP03,5,291.37,189.8
V00451,1,15/10/2025,P011,T010,C0928,CH03,E000,MP01,1,74.46,30.58
V00451,2,15/10/2025,P053,T010,C0658,CH03,E000,MP02,8,575.54,297.32
V00451,3,15/10/2025,P040,T010,C0781,CH03,E000,MP03,9,513.45,272.47
V00452,1,12/09/2023,P062,T001,C0141,CH01,E032,MP03,4,322.21,130.26
V00453,1,11/08/2024,P100,T005,C0882,CH03,E000,MP02,9,268.73,213.66
V00453,2,11/08/2024,P123,T010,C0988,CH03,E000,MP03,7,428.49,261.04
V00453,3,11/08/2024,P002,T009,C0660,CH03,E000,MP01,6,117.84,84.79
V00454,1,27/03/2024,P007,T009,C0882,CH03,E000,MP03,5,316.76,169.76
V00454,2,27/03/2024,P115,T001,C0882,CH03,E000,MP01,7,180.06,114.98
V00454,3,27/03/2024,P117,T010,C0882,CH03,E000,MP03,9,179.72,88.01
V00455,1,19/04/2023,P083,T009,C0512,CH01,E054,MP03,4,447.16,234.97
V00455,2,19/04/2023,P083,T009,C0494,CH01,E017,MP03,8,472.68,201.99
V00455,3,19/04/2023,P143,T009,C0708,CH01,E054,MP03,4,496.49,236.88
V00456,1,12/10/2023,P128,T009,C0928,CH02,E000,MP01,2,46.63,19.26
V00457,1,08/12/2025,P083,T021,C0395,CH03,E000,MP03,3,466.04,250.69
V00458,1,27/05/2025,P103,T001,C0988,CH03,E000,MP01,4,325.14,233.0
V00458,2,27/05/2025,P126,T021,C0304,CH03,E000,MP03,2,106.22,65.49
V00458,3,27/05/2025,P038,T005,C0658,CH03,E000,MP02,5,358.82,180.4
V00458,4,27/05/2025,P143,T013,C0928,CH03,E000,MP03,9,502.13,287.24
V00459,1,24/04/2025,P054,T009,C0988,CH02,E000,MP01,9,141.36,107.57
V00459,2,24/04/2025,P053,T009,C0882,CH02,E000,MP02,1,302.68,170.78
V00459,3,24/04/2025,P053,T009,C0562,CH02,E000,MP01,3,423.61,245.31
V00460,1,15/01/2026,P143,T005,C0882,CH03,E000,MP02,3,577.97,238.58
V00460,2,15/01/2026,P046,T005,C0579,CH03,E000,MP02,5,292.86,231.82
V00461,1,22/02/2025,P078,T013,C0154,CH02,E000,MP01,3,143.91,85.49
V00461,2,22/02/2025,P100,T009,C0141,CH02,E000,MP01,3,207.71,155.01
V00462,1,17/01/2026,P100,T005,C0881,CH01,E064,MP01,10,314.19,232.6
V00462,2,17/01/2026,P123,T010,C0982,CH01,E072,MP01,1,163.16,65.96
V00462,3,17/01/2026,P054,T001,C0928,CH01,E004,MP01,4,28.6,12.16
V00463,1,10/09/2025,P078,T005,C0781,CH03,E000,MP03,7,283.9,124.22
V00463,2,10/09/2025,P105,T013,C0512,CH03,E000,MP03,7,248.83,130.04
V00463,3,10/09/2025,P082,T005,C0002,CH03,E000,MP03,8,332.31,246.04
V00464,1,28/05/2024,P054,T010,C0982,CH02,E000,MP03,3,233.77,145.88
V00465,1,31/10/2024,P040,T010,C0658,CH03,E000,MP03,1,499.77,218.68
V00465,2,31/10/2024,P103,T013,C0002,CH03,E000,MP03,4,662.95,291.3
V00465,3,31/10/2024,P082,T013,C0154,CH03,E000,MP03,10,105.91,45.96
V00466,1,12/01/2025,P123,T009,C0882,CH01,E032,MP02,10,118.24,60.4
V00467,1,20/09/2025,P054,T010,C0041,CH02,E000,MP01,5,435.34,235.66
V00468,1,25/08/2023,P115,T010,C0938,CH03,E000,MP03,10,251.54,183.42
V00468,2,25/08/2023,P038,T021,C0465,CH03,E000,MP03,7,188.57,91.29
V00468,3,25/08/2023,P038,T009,C0781,CH03,E000,MP03,8,320.58,145.77
V00468,4,25/08/2023,P048,T010,C0658,CH03,E000,MP03,1,494.75,251.92
V00469,1,11/06/2025,P053,T021,C0395,CH02,E000,MP03,7,199.53,85.3
V00469,2,11/06/2025,P105,T021,C0660,CH02,E000,MP03,3,519.29,248.73
V00470,1,12/05/2024,P019,T013,C0096,CH01,E007,MP03,10,94.42,54.95
V00470,2,12/05/2024,P123,T005,C0096,CH01,E004,MP01,9,394.51,163.27
V00470,3,12/05/2024,P048,T009,C0096,CH01,E054,MP02,1,546.39,239.16
V00470,4,12/05/2024,P011,T013,C0096,CH01,E079,MP01,4,50.12,33.99
V00471,1,12/05/2023,P115,T010,C0940,CH01,E012,MP01,2,164.37,93.09
V00471,2,12/05/2023,P115,T005,C0528,CH01,E012,MP01,7,422.07,296.01
V00471,3,12/05/2023,P048,T021,C0395,CH01,E012,MP01,6,440.1,180.21
V00471,4,12/05/2023,P054,T005,C0928,CH01,E012,MP01,2,270.32,209.78
V00472,1,18/12/2025,P053,T021,C0096,CH03,E000,MP02,1,300.05,128.21
V00472,2,18/12/2025,P078,T010,C0096,CH03,E000,MP03,9,474.86,252.96
V00472,3,18/12/2025,P106,T005,C0436,CH03,E000,MP02,1,374.79,206.02
V00472,4,18/12/2025,P076,T013,C0115,CH03,E000,MP01,1,164.68,112.68
V00473,1,25/05/2023,P078,T001,C0973,CH02,E000,MP01,7,178.2,72.33
V00473,2,25/05/2023,P117,T005,C0928,CH02,E000,MP01,9,272.8,221.43
V00473,3,25/05/2023,P011,T009,C0528,CH02,E000,MP01,1,397.87,246.06
V00473,4,25/05/2023,P054,T021,C0046,CH02,E000,MP01,3,341.39,175.32
V00474,1,03/12/2025,P100,T013,C0988,CH03,E000,MP02,6,499.45,250.1
V00474,2,03/12/2025,P038,T013,C0154,CH03,E000,MP03,7,164.61,105.13
V00475,1,15/11/2024,P083,T013,C0881,CH02,E000,MP01,5,110.42,53.57
V00476,1,17/02/2026,P040,T001,C0988,CH03,E000,MP02,2,112.96,71.41
V00476,2,17/02/2026,P062,T001,C0988,CH03,E000,MP02,7,127.11,100.28
V00476,3,17/02/2026,P054,T001,C0988,CH03,E000,MP02,6,61.43,38.77
V00476,4,17/02/2026,P046,T001,C0988,CH03,E000,MP02,3,434.06,214.82
V00477,1,17/06/2023,P007,T013,C0465,CH01,E017,MP03,7,384.29,213.78
V00478,1,07/10/2024,P117,T001,C0988,CH03,E000,MP03,5,210.13,140.59
V00478,2,07/10/2024,P038,T005,C0660,CH03,E000,MP03,2,188.13,82.75
V00478,3,07/10/2024,P012,T013,C0465,CH03,E000,MP03,6,340.49,282.19
V00478,4,07/10/2024,P100,T013,C0395,CH03,E000,MP03,2,118.0,53.03
V00479,1,28/07/2025,P061,T013,C0973,CH02,E000,MP01,8,187.68,108.49
V00479,2,28/07/2025,P002,T010,C0044,CH02,E000,MP01,8,661.68,289.2
V00479,3,28/07/2025,P054,T013,C0738,CH02,E000,MP01,7,291.01,119.67
V00479,4,28/07/2025,P143,T021,C0002,CH02,E000,MP01,3,396.63,165.55
V00480,1,13/02/2025,P117,T005,C0882,CH02,E000,MP02,8,545.93,237.12
V00480,2,13/02/2025,P061,T005,C0528,CH02,E000,MP02,5,417.7,251.24
V00481,1,12/10/2024,P117,T010,C0579,CH01,E079,MP01,10,68.4,52.52
V00482,1,15/02/2024,P117,T005,C0512,CH03,E000,MP02,1,77.64,33.8
V00483,1,22/10/2025,P106,T009,C0784,CH02,E000,MP03,10,121.91,56.38
V00484,1,22/11/2024,P053,T005,C0512,CH03,E000,MP01,9,38.17,18.31
V00484,2,22/11/2024,P038,T021,C0940,CH03,E000,MP01,8,621.8,295.11
V00485,1,05/04/2025,P083,T010,C0465,CH03,E000,MP02,8,629.54,297.35
V00485,2,05/04/2025,P002,T001,C0002,CH03,E000,MP02,6,361.93,281.76
V00485,3,05/04/2025,P128,T005,C0002,CH03,E000,MP02,8,332.8,144.89
V00485,4,05/04/2025,P007,T001,C0115,CH03,E000,MP02,7,257.95,123.76
V00486,1,18/01/2026,P054,T009,C0973,CH01,E046,MP03,10,471.8,237.73
V00486,2,18/01/2026,P062,T009,C0928,CH01,E065,MP03,4,158.51,71.93
V00487,1,21/11/2025,P059,T013,C0658,CH03,E000,MP02,2,94.19,68.92
V00487,2,21/11/2025,P011,T010,C0044,CH03,E000,MP02,4,293.6,136.16
V00487,3,21/11/2025,P004,T001,C0046,CH03,E000,MP02,10,285.06,185.66
V00488,1,05/12/2023,P115,T010,C0801,CH03,E000,MP02,8,470.89,215.39
V00488,2,05/12/2023,P059,T001,C0801,CH03,E000,MP02,6,620.82,250.52
V00489,1,09/09/2025,P038,T010,C0940,CH01,E065,MP03,6,220.26,112.46
V00489,2,09/09/2025,P062,T010,C0562,CH01,E015,MP03,6,88.53,38.04
V00490,1,05/07/2024,P078,T001,C0938,CH01,E054,MP02,2,91.36,64.72
V00490,2,05/07/2024,P059,T021,C0041,CH01,E083,MP02,1,444.08,205.69
V00490,3,05/07/2024,P123,T021,C0882,CH01,E016,MP02,5,497.46,219.82
V00490,4,05/07/2024,P019,T021,C0044,CH01,E000,MP02,8,197.38,137.99
V00491,1,12/03/2024,P105,T005,C0184,CH01,E015,MP02,9,310.06,179.5
V00491,2,12/03/2024,P143,T021,C0395,CH01,E015,MP02,8,626.04,250.96
V00492,1,29/08/2024,P123,T013,C0528,CH03,E000,MP02,10,438.92,206.26
V00493,1,16/10/2024,P128,T021,C0660,CH03,E000,MP02,3,122.61,53.06
V00493,2,16/10/2024,P016,T013,C0141,CH03,E000,MP02,6,115.2,58.33
V00493,3,16/10/2024,P100,T013,C0658,CH03,E000,MP02,8,107.51,58.37
V00494,1,06/11/2025,P027,T021,C0046,CH03,E000,MP01,8,479.89,297.25
V00494,2,06/11/2025,P082,T001,C0212,CH03,E000,MP01,8,28.99,22.41
V00495,1,13/05/2023,P046,T005,C0141,CH03,E000,MP01,1,418.08,174.74
V00496,1,08/09/2024,P083,T001,C0184,CH03,E000,MP01,5,393.81,276.0
V00496,2,08/09/2024,P012,T010,C0738,CH03,E000,MP01,8,583.13,236.76
V00497,1,26/07/2024,P038,T010,C0562,CH01,E065,MP02,1,433.17,236.38
V00497,2,26/07/2024,P123,T010,C0738,CH01,E016,MP02,1,564.9,281.8
V00497,3,26/07/2024,P061,T010,C0882,CH01,E066,MP02,3,249.17,177.08
V00498,1,14/11/2023,P115,T001,C0982,CH02,E000,MP02,9,60.9,44.19
V00498,2,14/11/2023,P076,T001,C0982,CH02,E000,MP02,7,75.36,59.86
V00498,3,14/11/2023,P059,T021,C0115,CH02,E000,MP02,8,166.8,77.86
V00498,4,14/11/2023,P062,T001,C0141,CH02,E000,MP02,3,680.13,291.67
V00499,1,13/05/2025,P016,T001,C0096,CH02,E000,MP01,6,84.38,55.46
V00500,1,07/07/2023,P126,T021,C0988,CH02,E000,MP01,7,146.94,92.89
V00500,2,07/07/2023,P123,T005,C0046,CH02,E000,MP01,2,241.69,102.13
V00500,3,07/07/2023,P046,T001,C0494,CH02,E000,MP01,7,81.04,33.9
V00500,4,07/07/2023,P143,T009,C0784,CH02,E000,MP01,6,161.41,74.48
V00501,1,16/08/2024,P027,T009,C0002,CH01,E032,MP01,2,279.35,201.38
V00502,1,22/06/2024,P061,T009,C0141,CH03,E000,MP03,8,531.26,261.01
V00502,2,22/06/2024,P002,T009,C0096,CH03,E000,MP03,5,317.39,132.82
V00502,3,22/06/2024,P061,T009,C0881,CH03,E000,MP03,7,398.55,231.03
V00503,1,17/11/2025,P103,T013,C0046,CH02,E000,MP01,3,154.16,102.0
V00503,2,17/11/2025,P046,T001,C0781,CH02,E000,MP01,2,167.43,112.83
V00503,3,17/11/2025,P106,T010,C0002,CH02,E000,MP01,9,228.63,102.97
V00504,1,15/03/2023,P004,T013,C0881,CH02,E000,MP02,8,435.55,265.08
V00504,2,15/03/2023,P038,T013,C0658,CH02,E000,MP03,6,196.98,157.32
V00505,1,12/07/2023,P115,T010,C0738,CH01,E066,MP03,6,391.85,227.48
V00505,2,12/07/2023,P082,T005,C0881,CH01,E004,MP03,10,280.14,134.31
V00505,3,12/07/2023,P012,T005,C0512,CH01,E059,MP03,2,48.4,37.02
V00505,4,12/07/2023,P062,T013,C0528,CH01,E079,MP03,8,114.78,85.29
V00506,1,20/02/2026,P062,T013,C0002,CH03,E000,MP01,6,506.55,209.23
V00507,1,06/07/2023,P078,T009,C0801,CH01,E079,MP03,6,264.89,136.58
V00507,2,06/07/2023,P083,T010,C0708,CH01,E060,MP03,4,279.44,163.42
V00508,1,07/07/2024,P076,T010,C0494,CH02,E000,MP02,4,52.43,41.63
V00508,2,07/07/2024,P105,T010,C0881,CH02,E000,MP02,8,337.51,135.08
V00508,3,07/07/2024,P059,T010,C0041,CH02,E000,MP02,5,14.11,10.14
V00509,1,29/04/2023,P061,T005,C0465,CH01,E072,MP03,10,273.63,226.04
V00510,1,13/09/2023,P078,T001,C0002,CH03,E000,MP01,2,251.03,208.62
V00510,2,13/09/2023,P004,T021,C0141,CH03,E000,MP02,2,80.43,40.52
V00510,3,13/09/2023,P038,T013,C0579,CH03,E000,MP02,2,359.64,185.54
V00510,4,13/09/2023,P143,T001,C0304,CH03,E000,MP02,9,61.77,27.44
V00511,1,06/08/2024,P040,T005,C0708,CH03,E000,MP01,7,73.33,44.92
V00511,2,06/08/2024,P040,T005,C0579,CH03,E000,MP02,10,332.88,237.2
V00511,3,06/08/2024,P076,T005,C0982,CH03,E000,MP01,7,136.2,69.55
V00512,1,15/03/2023,P061,T021,C0494,CH01,E064,MP03,1,236.86,132.82
V00512,2,15/03/2023,P115,T009,C0465,CH01,E065,MP03,4,255.41,125.78
V00513,1,08/02/2024,P106,T001,C0781,CH01,E066,MP01,6,324.03,161.76
V00513,2,08/02/2024,P117,T001,C0781,CH01,E054,MP02,3,388.45,283.25
V00513,3,08/02/2024,P040,T010,C0781,CH01,E007,MP03,2,471.67,197.56
V00514,1,27/06/2025,P054,T001,C0784,CH02,E000,MP01,3,263.67,133.15
V00514,2,27/06/2025,P053,T013,C0738,CH02,E000,MP01,9,249.02,100.36
V00514,3,27/06/2025,P012,T001,C0579,CH02,E000,MP01,6,164.88,106.41
V00514,4,27/06/2025,P100,T001,C0041,CH02,E000,MP01,5,607.27,246.11
V00515,1,21/03/2025,P048,T005,C0002,CH03,E000,MP03,7,668.56,292.34
V00515,2,21/03/2025,P012,T005,C0512,CH03,E000,MP03,4,217.79,170.68
V00516,1,10/12/2023,P103,T021,C0002,CH03,E000,MP03,4,484.56,243.26
V00517,1,16/06/2025,P054,T005,C0928,CH03,E000,MP02,6,363.67,228.42
V00517,2,16/06/2025,P117,T013,C0938,CH03,E000,MP02,9,391.44,291.62
V00517,3,16/06/2025,P076,T009,C0115,CH03,E000,MP02,7,280.39,233.47
V00517,4,16/06/2025,P123,T010,C0801,CH03,E000,MP02,5,219.38,90.64
V00518,1,25/12/2024,P083,T010,C0002,CH03,E000,MP01,2,58.31,39.45
V00518,2,25/12/2024,P038,T010,C0141,CH03,E000,MP01,3,683.63,290.3
V00519,1,05/02/2024,P007,T005,C0865,CH01,E066,MP01,3,133.78,89.62
V00519,2,05/02/2024,P004,T005,C0660,CH01,E054,MP01,10,236.56,177.33
V00519,3,05/02/2024,P040,T005,C0658,CH01,E077,MP01,2,73.55,39.46
V00520,1,19/06/2023,P123,T001,C0781,CH02,E000,MP01,6,519.54,261.85
V00521,1,02/11/2024,P004,T010,C0304,CH03,E000,MP01,10,298.05,195.38
V00521,2,02/11/2024,P048,T021,C0304,CH03,E000,MP01,9,460.63,211.18
V00521,3,02/11/2024,P004,T010,C0304,CH03,E000,MP01,9,163.16,102.53
V00522,1,31/05/2024,P019,T010,C0940,CH02,E000,MP02,6,379.51,159.6
V00522,2,31/05/2024,P054,T013,C0436,CH02,E000,MP02,1,406.29,295.89
V00522,3,31/05/2024,P082,T005,C0562,CH02,E000,MP02,9,489.83,211.27
V00522,4,31/05/2024,P027,T013,C0212,CH02,E000,MP02,2,398.43,199.91
V00523,1,27/05/2025,P126,T010,C0044,CH03,E000,MP02,9,155.72,76.27
V00523,2,27/05/2025,P002,T010,C0881,CH03,E000,MP02,3,15.66,8.94
V00523,3,27/05/2025,P106,T010,C0562,CH03,E000,MP02,4,194.48,81.6
V00524,1,25/01/2026,P117,T013,C0494,CH01,E079,MP02,6,229.08,185.63
V00524,2,25/01/2026,P106,T021,C0982,CH01,E072,MP01,1,269.69,133.07
V00524,3,25/01/2026,P143,T005,C0154,CH01,E065,MP01,6,317.6,245.92
V00525,1,02/09/2025,P143,T005,C0781,CH01,E015,MP03,1,16.92,12.36
V00525,2,02/09/2025,P007,T021,C0154,CH01,E000,MP03,2,92.55,58.38
V00526,1,26/03/2025,P053,T009,C0436,CH01,E066,MP03,3,447.61,192.28
V00527,1,25/04/2023,P103,T001,C0512,CH02,E000,MP02,5,332.82,252.0
V00527,2,25/04/2023,P016,T001,C0494,CH02,E000,MP02,5,508.43,211.9
V00527,3,25/04/2023,P019,T001,C0436,CH02,E000,MP02,7,400.61,254.29
V00527,4,25/04/2023,P106,T001,C0708,CH02,E000,MP02,6,116.33,92.84
V00528,1,03/09/2024,P046,T010,C0658,CH01,E070,MP03,5,287.27,198.61
V00528,2,03/09/2024,P123,T005,C0395,CH01,E077,MP03,9,282.53,173.33
V00528,3,03/09/2024,P053,T010,C0781,CH01,E064,MP03,8,164.93,95.35
V00528,4,03/09/2024,P126,T001,C0660,CH01,E083,MP03,9,203.62,100.86
V00529,1,10/05/2023,P126,T021,C0436,CH03,E000,MP02,2,80.05,41.36
V00529,2,10/05/2023,P143,T005,C0304,CH03,E000,MP02,8,449.75,225.95
V00529,3,10/05/2023,P126,T001,C0988,CH03,E000,MP02,4,437.11,245.76
V00529,4,10/05/2023,P002,T021,C0184,CH03,E000,MP02,5,334.31,157.91
V00530,1,09/12/2024,P059,T010,C0658,CH02,E000,MP02,3,149.96,113.96
V00531,1,13/07/2023,P143,T005,C0658,CH01,E017,MP02,3,566.13,266.57
V00532,1,30/11/2024,P038,T010,C0784,CH01,E015,MP03,9,410.26,284.4
V00533,1,11/06/2025,P048,T021,C0184,CH03,E000,MP01,4,76.6,45.53
V00533,2,11/06/2025,P012,T001,C0882,CH03,E000,MP03,7,392.72,273.43
V00533,3,11/06/2025,P002,T021,C0658,CH03,E000,MP03,10,455.54,240.37
V00533,4,11/06/2025,P123,T010,C0660,CH03,E000,MP03,5,125.72,73.51
V00534,1,08/08/2024,P040,T010,C0044,CH03,E000,MP01,10,482.0,213.35
V00534,2,08/08/2024,P078,T013,C0044,CH03,E000,MP01,10,631.96,287.72
V00535,1,06/06/2025,P100,T013,C0044,CH01,E004,MP03,10,400.07,283.87
V00535,2,06/06/2025,P115,T013,C0528,CH01,E004,MP03,8,13.33,9.34
V00535,3,06/06/2025,P123,T013,C0784,CH01,E004,MP03,7,393.89,210.12
V00536,1,29/01/2024,P103,T010,C0115,CH03,E000,MP03,10,494.78,287.75
V00537,1,06/08/2024,P128,T009,C0973,CH01,E059,MP02,3,163.21,68.23
V00537,2,06/08/2024,P054,T009,C0041,CH01,E016,MP02,4,356.11,157.93
V00537,3,06/08/2024,P019,T009,C0881,CH01,E007,MP02,5,157.46,113.11
V00538,1,05/03/2023,P115,T001,C0928,CH03,E000,MP01,1,328.51,221.18
V00538,2,05/03/2023,P002,T005,C0141,CH03,E000,MP03,1,326.59,147.32
V00538,3,05/03/2023,P106,T005,C0781,CH03,E000,MP01,9,260.34,134.38
V00539,1,05/12/2023,P078,T001,C0938,CH02,E000,MP02,4,10.43,5.15
V00539,2,05/12/2023,P078,T001,C0041,CH02,E000,MP02,3,447.43,188.11
V00539,3,05/12/2023,P105,T001,C0801,CH02,E000,MP02,4,408.25,228.62
V00540,1,06/05/2024,P062,T009,C0865,CH03,E000,MP02,3,230.63,113.53
V00540,2,06/05/2024,P126,T009,C0660,CH03,E000,MP02,5,202.31,131.03
V00540,3,06/05/2024,P117,T009,C0928,CH03,E000,MP02,2,223.73,103.11
V00541,1,02/01/2026,P106,T005,C0141,CH01,E065,MP01,9,73.23,60.54
V00541,2,02/01/2026,P061,T005,C0395,CH01,E059,MP01,9,108.66,44.37
V00541,3,02/01/2026,P115,T005,C0304,CH01,E054,MP01,10,111.15,53.1
V00541,4,02/01/2026,P012,T005,C0465,CH01,E072,MP01,4,110.68,81.13
V00542,1,23/09/2025,P143,T010,C0041,CH03,E000,MP02,8,534.59,264.78
V00542,2,23/09/2025,P143,T013,C0154,CH03,E000,MP02,2,321.71,164.45
V00542,3,23/09/2025,P011,T009,C0801,CH03,E000,MP02,1,548.12,259.13
V00542,4,23/09/2025,P083,T009,C0212,CH03,E000,MP02,5,181.48,148.48
V00543,1,11/07/2024,P027,T001,C0982,CH01,E032,MP01,10,325.78,160.67
V00544,1,05/05/2025,P053,T005,C0141,CH02,E000,MP03,5,225.84,107.88
V00544,2,05/05/2025,P059,T021,C0528,CH02,E000,MP03,10,118.34,52.28
V00544,3,05/05/2025,P115,T005,C0938,CH02,E000,MP03,9,74.02,31.43
V00545,1,17/05/2024,P143,T001,C0141,CH03,E000,MP03,7,321.69,224.16
V00545,2,17/05/2024,P011,T001,C0938,CH03,E000,MP03,7,125.29,85.84
V00546,1,02/01/2026,P083,T010,C0801,CH03,E000,MP02,5,75.79,34.87
V00547,1,11/04/2025,P117,T009,C0184,CH03,E000,MP03,3,509.84,209.4
V00547,2,11/04/2025,P128,T021,C0046,CH03,E000,MP03,2,219.44,119.49
V00547,3,11/04/2025,P143,T013,C0562,CH03,E000,MP03,3,100.21,58.47
V00547,4,11/04/2025,P011,T001,C0579,CH03,E000,MP03,9,483.02,215.38
V00548,1,27/03/2023,P082,T021,C0881,CH02,E000,MP03,7,271.17,134.79
V00548,2,27/03/2023,P046,T005,C0708,CH02,E000,MP03,3,80.29,61.92
V00549,1,20/02/2025,P100,T021,C0784,CH03,E000,MP03,8,30.73,13.69
V00549,2,20/02/2025,P128,T021,C0579,CH03,E000,MP03,3,422.99,257.92
V00549,3,20/02/2025,P011,T021,C0982,CH03,E000,MP03,9,36.19,21.32
V00549,4,20/02/2025,P076,T010,C0982,CH03,E000,MP03,10,165.38,68.57
V00550,1,27/03/2025,P046,T010,C0436,CH03,E000,MP01,5,464.27,211.7
V00550,2,27/03/2025,P011,T013,C0928,CH03,E000,MP01,7,294.09,240.89
V00550,3,27/03/2025,P100,T010,C0881,CH03,E000,MP01,8,556.87,298.08
V00550,4,27/03/2025,P048,T009,C0212,CH03,E000,MP01,5,508.74,204.15
V00551,1,11/07/2023,P115,T001,C0395,CH03,E000,MP02,4,372.33,155.35
V00552,1,27/08/2025,P103,T001,C0465,CH03,E000,MP02,7,82.63,50.38
V00552,2,27/08/2025,P027,T009,C0096,CH03,E000,MP02,10,234.63,109.47
V00552,3,27/08/2025,P027,T001,C0512,CH03,E000,MP02,9,369.16,153.02
V00553,1,27/10/2024,P061,T001,C0494,CH03,E000,MP03,2,211.46,124.26
V00553,2,27/10/2024,P083,T001,C0973,CH03,E000,MP03,3,191.83,138.21
V00553,3,27/10/2024,P106,T001,C0781,CH03,E000,MP03,10,36.7,29.96
V00554,1,21/11/2023,P053,T021,C0512,CH01,E015,MP03,7,401.76,233.03
V00554,2,21/11/2023,P115,T001,C0512,CH01,E059,MP03,6,507.07,221.34
V00554,3,21/11/2023,P040,T021,C0512,CH01,E032,MP03,7,418.58,235.45
V00555,1,05/12/2023,P100,T001,C0940,CH02,E000,MP03,2,67.78,28.98
V00555,2,05/12/2023,P105,T001,C0044,CH02,E000,MP03,4,425.86,231.87
V00556,1,02/09/2025,P054,T001,C0154,CH03,E000,MP02,7,386.37,192.33
V00557,1,28/08/2023,P012,T001,C0436,CH03,E000,MP02,4,483.3,208.66
V00558,1,19/01/2023,P105,T001,C0781,CH03,E000,MP01,10,77.54,33.79
V00558,2,19/01/2023,P103,T005,C0096,CH03,E000,MP01,9,158.88,102.39
V00558,3,19/01/2023,P106,T005,C0938,CH03,E000,MP01,10,346.85,191.65
V00559,1,05/09/2025,P004,T021,C0115,CH03,E000,MP01,10,354.12,169.97
V00560,1,31/01/2024,P062,T013,C0973,CH02,E000,MP02,10,275.71,152.94
V00560,2,31/01/2024,P053,T021,C0115,CH02,E000,MP02,10,503.36,283.21
V00561,1,12/08/2024,P123,T021,C0046,CH03,E000,MP02,10,183.92,77.31
V00561,2,12/08/2024,P027,T009,C0465,CH03,E000,MP02,3,194.36,117.33
V00561,3,12/08/2024,P083,T013,C0940,CH03,E000,MP02,6,84.62,48.19
V00561,4,12/08/2024,P040,T001,C0658,CH03,E000,MP02,4,616.85,289.02
V00562,1,20/09/2025,P117,T013,C0801,CH01,E046,MP02,9,427.24,183.71
V00562,2,20/09/2025,P061,T005,C0154,CH01,E054,MP02,5,538.0,228.15
V00562,3,20/09/2025,P016,T001,C0304,CH01,E072,MP02,7,46.98,27.53
V00563,1,11/03/2024,P040,T009,C0801,CH01,E046,MP02,9,119.94,69.25
V00563,2,11/03/2024,P059,T021,C0973,CH01,E064,MP02,9,155.04,127.25
V00564,1,18/06/2023,P038,T005,C0938,CH03,E000,MP03,7,128.6,61.69
V00564,2,18/06/2023,P128,T001,C0512,CH03,E000,MP01,3,161.24,76.8
V00565,1,14/11/2024,P002,T005,C0784,CH03,E000,MP01,3,110.62,72.14
V00565,2,14/11/2024,P082,T009,C0973,CH03,E000,MP02,10,153.71,126.62
V00566,1,06/05/2025,P002,T009,C0882,CH03,E000,MP03,2,502.45,207.87
V00566,2,06/05/2025,P002,T010,C0212,CH03,E000,MP01,7,386.66,220.68
V00566,3,06/05/2025,P019,T013,C0801,CH03,E000,MP01,8,124.89,52.29
V00567,1,01/12/2024,P007,T009,C0938,CH03,E000,MP01,10,622.64,282.43
V00568,1,05/08/2024,P007,T005,C0436,CH03,E000,MP01,2,293.9,221.13
V00568,2,05/08/2024,P126,T005,C0494,CH03,E000,MP02,9,156.63,109.72
V00568,3,05/08/2024,P123,T013,C0395,CH03,E000,MP01,2,379.3,163.29
V00569,1,29/04/2024,P016,T001,C0154,CH03,E000,MP03,10,251.98,127.39
V00570,1,28/08/2023,P061,T001,C0046,CH01,E007,MP03,6,76.28,48.26
V00570,2,28/08/2023,P143,T001,C0436,CH01,E054,MP03,6,350.97,194.91
V00570,3,28/08/2023,P143,T013,C0002,CH01,E064,MP03,7,20.08,15.06
V00570,4,28/08/2023,P038,T010,C0304,CH01,E079,MP03,6,311.2,188.11
V00571,1,25/09/2023,P123,T005,C0528,CH03,E000,MP01,10,327.75,171.05
V00571,2,25/09/2023,P128,T009,C0973,CH03,E000,MP01,8,406.14,207.89
V00571,3,25/09/2023,P117,T010,C0579,CH03,E000,MP01,6,232.04,103.27
V00572,1,11/12/2024,P016,T001,C0212,CH02,E000,MP01,10,15.39,12.34
V00572,2,11/12/2024,P078,T001,C0982,CH02,E000,MP01,6,129.81,60.62
V00572,3,11/12/2024,P053,T001,C0938,CH02,E000,MP01,5,58.93,48.99
V00572,4,11/12/2024,P126,T001,C0494,CH02,E000,MP01,1,457.71,222.15
V00573,1,26/10/2023,P143,T010,C0395,CH02,E000,MP01,8,512.02,224.33
V00573,2,26/10/2023,P100,T021,C0041,CH02,E000,MP01,8,443.53,194.65
V00574,1,17/06/2025,P040,T021,C0512,CH02,E000,MP01,1,562.58,259.05
V00574,2,17/06/2025,P027,T013,C0865,CH02,E000,MP01,3,521.44,290.14
V00574,3,17/06/2025,P103,T013,C0784,CH02,E000,MP01,2,31.01,12.93
V00575,1,30/10/2025,P004,T013,C0940,CH02,E000,MP03,4,431.45,220.68
V00575,2,30/10/2025,P038,T013,C0041,CH02,E000,MP03,1,575.67,239.39
V00575,3,30/10/2025,P012,T013,C0940,CH02,E000,MP03,9,93.62,44.67
V00575,4,30/10/2025,P053,T013,C0928,CH02,E000,MP03,10,598.15,296.24
V00576,1,29/05/2025,P007,T005,C0660,CH03,E000,MP02,2,579.53,233.81
V00576,2,29/05/2025,P019,T005,C0494,CH03,E000,MP02,10,531.89,286.71
V00577,1,07/01/2023,P117,T013,C0938,CH02,E000,MP02,3,85.23,50.34
V00577,2,07/01/2023,P046,T013,C0465,CH02,E000,MP02,10,492.44,276.45
V00577,3,07/01/2023,P083,T005,C0395,CH02,E000,MP01,5,133.23,53.31
V00578,1,17/10/2025,P040,T005,C0865,CH01,E032,MP03,8,126.74,58.89
V00578,2,17/10/2025,P100,T005,C0579,CH01,E046,MP03,4,556.73,236.27
V00578,3,17/10/2025,P117,T005,C0141,CH01,E065,MP03,2,360.46,288.32
V00578,4,17/10/2025,P027,T005,C0304,CH01,E032,MP03,6,500.25,218.21
V00579,1,03/08/2025,P078,T001,C0436,CH02,E000,MP02,6,315.66,145.87
V00580,1,09/10/2025,P004,T013,C0865,CH02,E000,MP01,6,561.37,247.77
V00580,2,09/10/2025,P103,T010,C0528,CH02,E000,MP01,7,455.42,298.52
V00581,1,03/09/2025,P061,T001,C0660,CH03,E000,MP02,4,142.24,106.12
V00582,1,11/04/2024,P054,T009,C0940,CH02,E000,MP01,7,501.84,264.77
V00582,2,11/04/2024,P106,T005,C0940,CH02,E000,MP01,4,363.98,243.76
V00582,3,11/04/2024,P046,T013,C0940,CH02,E000,MP01,5,341.26,144.7
V00582,4,11/04/2024,P016,T005,C0940,CH02,E000,MP01,10,561.03,276.54
V00583,1,11/05/2024,P011,T013,C0044,CH01,E046,MP03,6,241.24,148.76
V00584,1,06/07/2023,P002,T010,C0562,CH02,E000,MP02,10,343.74,176.7
V00585,1,05/07/2023,P128,T021,C0781,CH01,E007,MP01,9,239.83,169.95
V00585,2,05/07/2023,P053,T021,C0784,CH01,E054,MP02,8,619.79,257.21
V00585,3,05/07/2023,P048,T021,C0562,CH01,E015,MP02,5,606.92,255.28
V00586,1,08/06/2025,P115,T010,C0660,CH01,E032,MP03,5,238.8,96.34
V00587,1,28/12/2023,P105,T009,C0938,CH03,E000,MP02,5,655.88,293.95
V00588,1,14/01/2023,P016,T005,C0046,CH02,E000,MP03,2,318.15,217.14
V00588,2,14/01/2023,P053,T005,C0046,CH02,E000,MP03,4,95.95,77.69
V00589,1,19/01/2025,P100,T001,C0044,CH02,E000,MP03,9,362.69,162.01
V00589,2,19/01/2025,P105,T001,C0973,CH02,E000,MP03,3,74.13,31.38
V00589,3,19/01/2025,P040,T001,C0041,CH02,E000,MP03,6,538.23,247.9
V00589,4,19/01/2025,P002,T001,C0002,CH02,E000,MP03,4,324.08,155.38
V00590,1,03/03/2025,P078,T013,C0184,CH02,E000,MP01,8,239.48,167.8
V00590,2,03/03/2025,P117,T013,C0801,CH02,E000,MP01,8,361.67,217.75
V00591,1,24/10/2025,P007,T021,C0154,CH03,E000,MP03,4,233.07,139.59
V00592,1,19/10/2023,P027,T021,C0579,CH03,E000,MP01,9,72.9,49.55
V00592,2,19/10/2023,P019,T021,C0002,CH03,E000,MP01,5,165.68,87.41
V00592,3,19/10/2023,P004,T001,C0708,CH03,E000,MP01,8,408.42,222.01
V00592,4,19/10/2023,P038,T005,C0658,CH03,E000,MP01,3,369.85,299.24
V00593,1,25/09/2023,P012,T013,C0784,CH03,E000,MP03,3,338.06,275.06
V00593,2,25/09/2023,P048,T009,C0784,CH03,E000,MP03,6,212.2,87.4
V00593,3,25/09/2023,P076,T009,C0784,CH03,E000,MP03,3,134.35,67.47
V00594,1,03/08/2024,P106,T009,C0973,CH01,E060,MP01,3,396.18,171.25
V00594,2,03/08/2024,P040,T009,C0801,CH01,E012,MP01,8,340.65,257.3
V00595,1,19/06/2025,P100,T001,C0938,CH03,E000,MP02,10,581.81,256.52
V00596,1,03/09/2024,P027,T013,C0115,CH01,E012,MP02,7,212.82,118.73
V00596,2,03/09/2024,P007,T005,C0304,CH01,E065,MP01,7,543.61,272.17
V00596,3,03/09/2024,P126,T013,C0465,CH01,E004,MP02,1,294.79,141.75
V00597,1,28/05/2024,P082,T010,C0982,CH01,E000,MP03,8,607.13,266.88
V00598,1,10/02/2024,P038,T010,C0115,CH02,E000,MP01,5,508.45,235.6
V00598,2,10/02/2024,P054,T001,C0115,CH02,E000,MP03,2,52.44,24.38
V00598,3,10/02/2024,P083,T021,C0865,CH02,E000,MP02,7,49.64,32.91
V00598,4,10/02/2024,P115,T013,C0784,CH02,E000,MP03,7,636.04,292.74
V00599,1,21/07/2023,P040,T009,C0115,CH03,E000,MP01,3,78.95,42.06
V00599,2,21/07/2023,P078,T013,C0881,CH03,E000,MP02,9,335.7,164.17
V00599,3,21/07/2023,P004,T005,C0115,CH03,E000,MP02,3,194.46,120.0
V00599,4,21/07/2023,P040,T021,C0708,CH03,E000,MP02,7,61.86,38.11
V00600,1,06/06/2023,P083,T001,C0154,CH02,E000,MP01,3,153.73,65.73
V00601,1,17/06/2024,P053,T001,C0494,CH01,E015,MP02,4,203.96,108.19
V00602,1,09/09/2025,P061,T001,C0882,CH02,E000,MP02,5,277.72,113.59
V00602,2,09/09/2025,P100,T009,C0882,CH02,E000,MP02,4,389.03,183.5
V00602,3,09/09/2025,P106,T009,C0882,CH02,E000,MP02,5,155.54,99.3
V00603,1,26/05/2025,P126,T005,C0882,CH02,E000,MP03,10,576.65,276.97
V00603,2,26/05/2025,P061,T005,C0395,CH02,E000,MP03,10,574.23,237.37
V00603,3,26/05/2025,P012,T005,C0982,CH02,E000,MP03,9,107.71,74.43
V00603,4,26/05/2025,P128,T005,C0784,CH02,E000,MP03,9,412.15,171.69
V00604,1,01/12/2024,P011,T001,C0708,CH01,E054,MP02,9,50.96,28.82
V00605,1,23/08/2025,P076,T005,C0784,CH02,E000,MP02,9,388.6,266.25
V00605,2,23/08/2025,P082,T001,C0973,CH02,E000,MP02,9,371.61,202.13
V00605,3,23/08/2025,P054,T010,C0882,CH02,E000,MP02,8,350.33,279.49
V00605,4,23/08/2025,P040,T010,C0154,CH02,E000,MP03,5,567.84,266.54
V00606,1,02/11/2024,P061,T005,C0708,CH03,E000,MP03,4,313.14,133.93
V00606,2,02/11/2024,P061,T013,C0044,CH03,E000,MP03,3,450.3,278.61
V00606,3,02/11/2024,P128,T009,C0528,CH03,E000,MP03,2,32.72,14.78
V00607,1,27/07/2023,P004,T013,C0881,CH03,E000,MP01,4,82.34,34.93
V00607,2,27/07/2023,P117,T013,C0940,CH03,E000,MP01,3,287.41,156.84
V00608,1,12/02/2024,P054,T010,C0436,CH01,E015,MP01,1,101.06,76.76
V00608,2,12/02/2024,P007,T001,C0395,CH01,E015,MP01,10,498.88,234.11
V00609,1,21/09/2024,P103,T013,C0041,CH03,E000,MP02,8,222.85,120.32
V00609,2,21/09/2024,P062,T013,C0212,CH03,E000,MP02,5,42.15,20.43
V00609,3,21/09/2024,P100,T013,C0395,CH03,E000,MP02,3,89.78,42.96
V00609,4,21/09/2024,P011,T013,C0988,CH03,E000,MP02,4,172.67,110.89
V00610,1,16/07/2023,P007,T010,C0044,CH02,E000,MP02,9,46.99,28.32
V00611,1,21/08/2024,P027,T005,C0395,CH01,E012,MP01,3,306.13,212.53
V00612,1,28/08/2025,P083,T005,C0579,CH02,E000,MP02,5,376.23,260.26
V00612,2,28/08/2025,P143,T013,C0494,CH02,E000,MP02,1,421.46,203.89
V00612,3,28/08/2025,P106,T010,C0494,CH02,E000,MP02,10,125.56,54.05
V00613,1,11/02/2025,P027,T013,C0212,CH01,E012,MP01,10,544.7,243.93
V00613,2,11/02/2025,P115,T009,C0982,CH01,E064,MP01,1,281.38,176.83
V00613,3,11/02/2025,P016,T009,C0436,CH01,E077,MP01,4,415.52,195.83
V00614,1,28/06/2025,P038,T005,C0436,CH02,E000,MP01,10,133.17,56.1
V00614,2,28/06/2025,P012,T001,C0512,CH02,E000,MP02,7,196.86,87.2
V00615,1,17/07/2023,P004,T013,C0002,CH03,E000,MP03,2,302.44,143.45
V00616,1,13/06/2025,P061,T005,C0115,CH02,E000,MP01,1,290.58,160.29
V00616,2,13/06/2025,P048,T021,C0184,CH02,E000,MP01,6,110.75,55.29
V00616,3,13/06/2025,P128,T010,C0881,CH02,E000,MP01,8,346.19,228.03
V00616,4,13/06/2025,P123,T005,C0141,CH02,E000,MP01,10,17.55,8.45
V00617,1,20/06/2024,P040,T001,C0801,CH03,E000,MP03,1,121.76,84.34
V00618,1,25/08/2025,P016,T010,C0212,CH02,E000,MP02,3,436.94,186.63
V00618,2,25/08/2025,P062,T021,C0395,CH02,E000,MP02,7,329.86,217.72
V00618,3,25/08/2025,P128,T021,C0801,CH02,E000,MP02,6,310.04,188.6
V00619,1,09/01/2025,P103,T010,C0882,CH01,E072,MP01,1,432.67,280.18
V00620,1,11/04/2025,P040,T010,C0988,CH02,E000,MP03,5,377.08,157.03
V00621,1,21/04/2025,P076,T021,C0184,CH01,E054,MP03,6,33.17,13.57
V00622,1,19/10/2024,P007,T005,C0395,CH03,E000,MP01,5,254.54,107.1
V00622,2,19/10/2024,P054,T009,C0781,CH03,E000,MP01,10,112.47,69.97
V00623,1,13/08/2023,P053,T013,C0579,CH01,E004,MP02,10,347.78,182.77
V00623,2,13/08/2023,P011,T009,C0781,CH01,E004,MP02,2,221.42,111.38
V00624,1,06/01/2026,P002,T001,C0708,CH02,E000,MP03,2,400.45,267.9
V00624,2,06/01/2026,P117,T001,C0660,CH02,E000,MP03,8,183.0,102.99
V00624,3,06/01/2026,P115,T001,C0512,CH02,E000,MP03,5,435.77,197.16
V00625,1,18/08/2023,P004,T001,C0436,CH01,E016,MP02,8,18.57,8.16
V00625,2,18/08/2023,P105,T001,C0928,CH01,E016,MP02,10,531.25,253.16
V00626,1,03/10/2023,P100,T013,C0212,CH02,E000,MP01,8,452.15,206.38
V00627,1,24/05/2024,P143,T010,C0212,CH02,E000,MP02,8,547.86,295.54
V00627,2,24/05/2024,P117,T009,C0115,CH02,E000,MP02,7,278.62,116.12
V00627,3,24/05/2024,P027,T005,C0784,CH02,E000,MP02,2,182.07,79.06
V00627,4,24/05/2024,P004,T005,C0184,CH02,E000,MP02,3,89.25,47.78
V00628,1,10/05/2023,P115,T010,C0141,CH03,E000,MP01,3,654.46,273.95
V00628,2,10/05/2023,P038,T001,C0395,CH03,E000,MP01,8,100.98,57.48
V00628,3,10/05/2023,P046,T005,C0881,CH03,E000,MP01,4,644.19,264.7
V00629,1,15/02/2026,P062,T001,C0738,CH02,E000,MP01,1,572.19,243.78
V00629,2,15/02/2026,P011,T001,C0865,CH02,E000,MP01,7,63.81,49.84
V00629,3,15/02/2026,P007,T001,C0184,CH02,E000,MP01,6,150.18,106.27
V00629,4,15/02/2026,P053,T001,C0882,CH02,E000,MP01,4,403.88,222.31
V00630,1,03/01/2025,P046,T010,C0041,CH01,E066,MP02,10,515.71,229.85
V00631,1,29/04/2023,P083,T013,C0781,CH02,E000,MP03,7,617.19,299.51
V00631,2,29/04/2023,P054,T009,C0512,CH02,E000,MP03,8,356.45,242.85
V00631,3,29/04/2023,P019,T005,C0046,CH02,E000,MP03,7,233.0,164.15
V00632,1,07/09/2023,P002,T010,C0395,CH03,E000,MP01,7,283.08,173.06
V00632,2,07/09/2023,P083,T005,C0041,CH03,E000,MP01,9,274.21,228.43
V00633,1,24/08/2025,P011,T005,C0928,CH01,E012,MP01,5,103.76,50.97
V00634,1,30/11/2025,P012,T001,C0708,CH01,E017,MP02,10,474.23,285.97
V00634,2,30/11/2025,P103,T021,C0494,CH01,E054,MP02,2,170.96,122.13
V00634,3,30/11/2025,P143,T009,C0304,CH01,E065,MP02,1,236.81,157.46
V00635,1,07/12/2023,P105,T021,C0562,CH01,E046,MP02,8,379.9,198.82
V00636,1,12/09/2024,P115,T013,C0041,CH02,E000,MP01,3,153.31,81.0
V00636,2,12/09/2024,P083,T013,C0708,CH02,E000,MP01,8,95.34,59.2
V00637,1,17/11/2025,P115,T009,C0938,CH03,E000,MP03,4,404.04,179.24
V00637,2,17/11/2025,P062,T013,C0928,CH03,E000,MP03,10,106.89,77.73
V00637,3,17/11/2025,P002,T005,C0988,CH03,E000,MP03,6,97.75,43.18
V00638,1,04/07/2025,P103,T013,C0436,CH02,E000,MP02,9,181.88,122.44
V00638,2,04/07/2025,P040,T009,C0304,CH02,E000,MP02,5,16.84,11.69
V00638,3,04/07/2025,P100,T013,C0784,CH02,E000,MP02,8,499.94,250.9
V00639,1,11/12/2024,P002,T005,C0395,CH02,E000,MP01,10,370.48,172.23
V00639,2,11/12/2024,P123,T001,C0579,CH02,E000,MP01,8,53.9,22.28
V00639,3,11/12/2024,P004,T009,C0928,CH02,E000,MP01,6,324.87,137.71
V00640,1,09/03/2025,P076,T010,C0801,CH01,E012,MP03,1,103.16,73.55
V00640,2,09/03/2025,P105,T010,C0436,CH01,E017,MP03,8,386.37,166.6
V00641,1,07/03/2025,P105,T005,C0184,CH01,E004,MP03,5,413.09,212.56
V00641,2,07/03/2025,P004,T013,C0512,CH01,E004,MP03,5,430.82,231.51
V00642,1,23/11/2023,P083,T013,C0562,CH02,E000,MP01,5,313.99,156.71
V00643,1,10/03/2025,P002,T010,C0940,CH01,E016,MP02,1,224.31,139.04
V00644,1,17/07/2024,P082,T005,C0212,CH03,E000,MP01,10,546.73,241.39
V00644,2,17/07/2024,P002,T009,C0973,CH03,E000,MP01,2,49.43,22.04
V00644,3,17/07/2024,P016,T021,C0579,CH03,E000,MP01,1,155.55,89.42
V00644,4,17/07/2024,P027,T005,C0928,CH03,E000,MP01,6,597.29,244.4
V00645,1,24/05/2025,P106,T013,C0002,CH02,E000,MP01,2,110.37,49.73
V00645,2,24/05/2025,P007,T010,C0002,CH02,E000,MP01,5,450.62,270.42
V00646,1,12/11/2023,P078,T001,C0465,CH01,E015,MP01,4,162.69,97.95
V00646,2,12/11/2023,P083,T001,C0436,CH01,E046,MP01,9,39.48,30.5
V00646,3,12/11/2023,P083,T001,C0781,CH01,E059,MP01,6,306.63,205.29
V00646,4,12/11/2023,P106,T001,C0881,CH01,E065,MP01,10,98.45,61.88
V00647,1,03/06/2023,P027,T001,C0660,CH02,E000,MP01,8,50.76,39.72
V00647,2,03/06/2023,P002,T001,C0154,CH02,E000,MP01,4,210.85,146.89
V00647,3,03/06/2023,P007,T013,C0528,CH02,E000,MP01,3,282.65,181.25
V00648,1,10/12/2025,P004,T010,C0528,CH02,E000,MP01,1,709.16,292.2
V00648,2,10/12/2025,P004,T005,C0395,CH02,E000,MP01,7,273.21,198.25
V00649,1,20/04/2024,P004,T013,C0494,CH01,E070,MP02,3,172.83,136.74
V00650,1,21/07/2025,P027,T021,C0184,CH01,E079,MP01,7,562.48,259.18
V00650,2,21/07/2025,P083,T013,C0041,CH01,E064,MP01,2,510.83,247.96
V00651,1,30/05/2025,P076,T001,C0212,CH01,E077,MP02,5,212.55,100.03
V00651,2,30/05/2025,P038,T001,C0212,CH01,E065,MP02,10,200.4,99.27
V00651,3,30/05/2025,P115,T001,C0494,CH01,E017,MP02,2,410.77,248.63
V00651,4,30/05/2025,P061,T001,C0512,CH01,E077,MP02,10,346.93,224.72
V00652,1,18/01/2024,P105,T010,C0304,CH02,E000,MP02,1,285.9,126.77
V00653,1,16/09/2023,P016,T009,C0938,CH03,E000,MP03,6,501.65,232.84
V00653,2,16/09/2023,P100,T001,C0940,CH03,E000,MP03,8,374.22,232.3
V00653,3,16/09/2023,P027,T021,C0041,CH03,E000,MP03,6,488.91,224.93
V00653,4,16/09/2023,P106,T021,C0658,CH03,E000,MP03,8,334.45,161.94
V00654,1,10/04/2023,P128,T009,C0465,CH02,E000,MP03,1,14.64,10.52
V00654,2,10/04/2023,P012,T010,C0115,CH02,E000,MP03,1,317.29,228.81
V00655,1,17/04/2023,P083,T010,C0738,CH03,E000,MP02,9,514.27,256.02
V00655,2,17/04/2023,P040,T010,C0784,CH03,E000,MP02,8,37.18,25.12
V00655,3,17/04/2023,P083,T005,C0660,CH03,E000,MP02,2,398.01,250.67
V00655,4,17/04/2023,P117,T005,C0096,CH03,E000,MP02,2,437.87,265.38
V00656,1,28/01/2026,P082,T001,C0141,CH03,E000,MP02,10,30.42,13.54
V00656,2,28/01/2026,P126,T009,C0579,CH03,E000,MP02,5,360.25,163.34
V00656,3,28/01/2026,P059,T013,C0096,CH03,E000,MP02,8,304.66,241.08
V00657,1,25/03/2023,P007,T010,C0044,CH01,E066,MP03,6,326.8,156.07
V00657,2,25/03/2023,P062,T010,C0044,CH01,E060,MP03,8,28.98,23.25
V00658,1,27/06/2023,P027,T013,C0115,CH02,E000,MP02,7,79.85,40.41
V00658,2,27/06/2023,P106,T005,C0304,CH02,E000,MP02,5,508.0,260.56
V00658,3,27/06/2023,P046,T013,C0781,CH02,E000,MP02,10,692.02,282.72
V00659,1,07/10/2023,P011,T013,C0512,CH01,E004,MP03,9,324.05,144.27
V00659,2,07/10/2023,P046,T001,C0046,CH01,E032,MP03,9,223.24,112.22
V00660,1,15/09/2023,P038,T009,C0184,CH01,E012,MP02,2,200.11,111.98
V00661,1,26/04/2025,P100,T009,C0562,CH01,E032,MP02,7,244.26,126.55
V00661,2,26/04/2025,P126,T009,C0738,CH01,E059,MP02,10,51.93,34.15
V00661,3,26/04/2025,P083,T009,C0212,CH01,E083,MP02,8,376.18,162.65
V00661,4,26/04/2025,P053,T009,C0002,CH01,E060,MP02,3,443.32,264.84
V00662,1,16/03/2024,P083,T010,C0046,CH01,E079,MP02,5,70.31,53.95
V00662,2,16/03/2024,P040,T009,C0436,CH01,E059,MP02,9,394.11,263.72
V00662,3,16/03/2024,P016,T013,C0801,CH01,E016,MP02,3,263.72,214.89
V00663,1,28/04/2025,P019,T009,C0881,CH03,E000,MP01,5,528.68,222.87
V00663,2,28/04/2025,P117,T021,C0184,CH03,E000,MP03,6,165.28,102.92
V00664,1,12/04/2024,P143,T010,C0784,CH03,E000,MP02,6,542.9,224.72
V00664,2,12/04/2024,P076,T005,C0465,CH03,E000,MP02,6,323.14,239.7
V00665,1,05/01/2026,P007,T005,C0494,CH02,E000,MP03,10,367.07,297.46
V00666,1,05/01/2025,P106,T005,C0465,CH02,E000,MP03,6,484.14,212.47
V00666,2,05/01/2025,P128,T005,C0784,CH02,E000,MP03,7,477.55,271.92
V00666,3,05/01/2025,P078,T001,C0708,CH02,E000,MP03,8,25.84,19.66
V00667,1,02/02/2024,P105,T013,C0395,CH02,E000,MP03,8,401.6,268.53
V00667,2,02/02/2024,P076,T021,C0865,CH02,E000,MP02,10,701.14,281.57
V00667,3,02/02/2024,P004,T010,C0579,CH02,E000,MP03,5,45.7,35.78
V00668,1,06/07/2024,P012,T010,C0494,CH02,E000,MP03,3,91.19,71.5
V00668,2,06/07/2024,P117,T013,C0865,CH02,E000,MP03,4,78.38,43.32
V00668,3,06/07/2024,P117,T005,C0982,CH02,E000,MP03,5,472.3,210.78
V00669,1,15/09/2023,P105,T009,C0141,CH03,E000,MP01,9,566.92,287.75
V00669,2,15/09/2023,P115,T010,C0579,CH03,E000,MP01,3,562.53,294.97
V00670,1,19/04/2025,P016,T010,C0708,CH03,E000,MP01,10,14.2,8.04
V00671,1,25/06/2025,P106,T013,C0115,CH02,E000,MP01,10,282.78,117.95
V00671,2,25/06/2025,P038,T013,C0988,CH02,E000,MP03,2,340.73,233.13
V00671,3,25/06/2025,P019,T013,C0494,CH02,E000,MP03,6,556.28,284.04
V00672,1,10/03/2025,P078,T001,C0562,CH02,E000,MP01,4,114.83,66.41
V00672,2,10/03/2025,P083,T013,C0465,CH02,E000,MP02,6,21.31,12.52
V00673,1,22/10/2024,P038,T009,C0784,CH02,E000,MP02,8,177.02,137.41
V00673,2,22/10/2024,P117,T009,C0882,CH02,E000,MP02,5,27.66,15.0
V00673,3,22/10/2024,P105,T009,C0658,CH02,E000,MP02,1,194.54,113.87
V00674,1,21/12/2023,P143,T013,C0512,CH01,E079,MP02,1,613.71,282.5
V00674,2,21/12/2023,P004,T021,C0801,CH01,E066,MP02,6,136.14,112.26
V00674,3,21/12/2023,P019,T021,C0212,CH01,E072,MP01,1,341.27,273.48
V00675,1,01/07/2024,P019,T009,C0304,CH01,E017,MP01,6,470.77,211.49
V00675,2,01/07/2024,P007,T009,C0562,CH01,E017,MP01,8,111.71,78.07
V00676,1,30/12/2024,P019,T021,C0738,CH03,E000,MP02,10,102.0,57.67
V00676,2,30/12/2024,P083,T009,C0928,CH03,E000,MP02,2,361.5,190.66
V00677,1,23/12/2023,P106,T013,C0465,CH03,E000,MP01,4,479.42,284.43
V00677,2,23/12/2023,P115,T013,C0940,CH03,E000,MP01,8,362.58,221.61
V00677,3,23/12/2023,P117,T010,C0304,CH03,E000,MP01,4,461.09,263.33
V00677,4,23/12/2023,P027,T010,C0528,CH03,E000,MP01,9,544.47,265.96
V00678,1,13/04/2023,P011,T010,C0395,CH01,E072,MP02,4,151.08,124.62
V00678,2,13/04/2023,P040,T009,C0304,CH01,E066,MP02,4,113.95,75.3
V00679,1,11/07/2025,P078,T005,C0044,CH02,E000,MP01,8,355.27,191.12
V00679,2,11/07/2025,P128,T005,C0881,CH02,E000,MP01,2,50.3,40.21
V00679,3,11/07/2025,P100,T005,C0041,CH02,E000,MP01,9,506.33,264.24
V00680,1,09/07/2025,P105,T005,C0512,CH01,E054,MP03,2,319.98,195.0
V00680,2,09/07/2025,P106,T021,C0212,CH01,E046,MP03,2,187.26,106.37
V00680,3,09/07/2025,P106,T009,C0562,CH01,E054,MP03,2,32.09,19.48
V00681,1,30/08/2023,P106,T013,C0882,CH02,E000,MP02,4,554.75,224.14
V00681,2,30/08/2023,P061,T005,C0738,CH02,E000,MP03,5,569.99,278.25
V00681,3,30/08/2023,P115,T021,C0708,CH02,E000,MP01,7,411.54,187.72
V00681,4,30/08/2023,P128,T009,C0973,CH02,E000,MP03,10,358.13,251.45
V00682,1,04/11/2024,P103,T021,C0304,CH01,E007,MP03,1,309.11,253.5
V00682,2,04/11/2024,P038,T005,C0304,CH01,E060,MP03,6,311.41,129.51
V00682,3,04/11/2024,P083,T013,C0304,CH01,E012,MP03,2,187.14,97.69
V00682,4,04/11/2024,P105,T010,C0304,CH01,E083,MP03,8,303.23,171.35
V00683,1,20/04/2023,P126,T013,C0046,CH03,E000,MP02,9,426.43,281.58
V00683,2,20/04/2023,P012,T013,C0046,CH03,E000,MP02,9,420.34,195.46
V00683,3,20/04/2023,P123,T013,C0579,CH03,E000,MP02,6,367.39,199.2
V00683,4,20/04/2023,P106,T013,C0660,CH03,E000,MP02,8,314.69,214.4
V00684,1,08/10/2024,P083,T013,C0395,CH02,E000,MP03,6,382.19,197.65
V00684,2,08/10/2024,P054,T010,C0096,CH02,E000,MP03,5,192.9,79.27
V00684,3,08/10/2024,P123,T021,C0046,CH02,E000,MP03,3,181.4,100.82
V00685,1,01/08/2025,P004,T005,C0304,CH02,E000,MP03,6,416.28,291.34
V00685,2,01/08/2025,P082,T005,C0579,CH02,E000,MP03,5,60.92,28.51
V00685,3,01/08/2025,P106,T005,C0658,CH02,E000,MP03,5,395.56,278.79
V00686,1,03/07/2023,P002,T001,C0154,CH01,E077,MP03,8,52.91,24.0
V00686,2,03/07/2023,P115,T001,C0115,CH01,E032,MP03,6,61.6,37.87
V00686,3,03/07/2023,P128,T001,C0988,CH01,E017,MP03,8,162.43,112.56
V00687,1,20/06/2025,P061,T013,C0436,CH01,E032,MP03,9,295.31,159.55
V00687,2,20/06/2025,P076,T009,C0973,CH01,E032,MP03,4,84.5,37.9
V00687,3,20/06/2025,P012,T013,C0784,CH01,E032,MP03,5,149.63,73.59
V00687,4,20/06/2025,P002,T021,C0658,CH01,E032,MP03,1,164.52,76.83
V00688,1,17/04/2024,P038,T013,C0304,CH03,E000,MP03,9,455.38,264.98
V00689,1,29/11/2024,P082,T009,C0562,CH01,E072,MP02,2,14.57,6.18
V00690,1,25/08/2025,P117,T010,C0436,CH03,E000,MP02,7,326.18,156.89
V00691,1,12/05/2023,P038,T005,C0784,CH03,E000,MP02,2,103.04,46.39
V00691,2,12/05/2023,P027,T010,C0881,CH03,E000,MP01,5,110.77,90.27
V00691,3,12/05/2023,P053,T013,C0881,CH03,E000,MP03,4,91.62,70.75
V00692,1,10/06/2024,P053,T013,C0784,CH03,E000,MP01,1,112.09,81.24
V00692,2,10/06/2024,P076,T013,C0154,CH03,E000,MP01,7,65.68,33.06
V00692,3,10/06/2024,P002,T013,C0988,CH03,E000,MP01,9,260.3,146.71
V00692,4,10/06/2024,P016,T013,C0973,CH03,E000,MP01,6,254.69,110.56
V00693,1,11/10/2025,P078,T010,C0465,CH01,E015,MP01,9,70.94,53.78
V00693,2,11/10/2025,P103,T021,C0528,CH01,E064,MP01,10,325.68,185.83
V00694,1,08/01/2024,P082,T005,C0096,CH02,E000,MP02,5,277.93,186.67
V00694,2,08/01/2024,P019,T013,C0784,CH02,E000,MP02,3,318.34,196.46
V00695,1,21/03/2023,P019,T001,C0784,CH02,E000,MP01,4,235.32,154.23
V00695,2,21/03/2023,P115,T001,C0041,CH02,E000,MP02,9,189.51,82.32
V00696,1,10/02/2025,P100,T009,C0784,CH02,E000,MP03,7,517.32,280.93
V00697,1,03/09/2023,P002,T005,C0154,CH02,E000,MP03,4,188.13,149.47
V00697,2,03/09/2023,P016,T013,C0784,CH02,E000,MP03,3,173.89,84.38
V00698,1,06/07/2025,P061,T021,C0708,CH01,E077,MP02,6,355.76,205.49
V00698,2,06/07/2025,P117,T001,C0184,CH01,E046,MP02,2,535.51,273.18
V00699,1,26/01/2025,P076,T001,C0738,CH01,E017,MP03,1,135.24,103.98
V00699,2,26/01/2025,P062,T009,C0212,CH01,E083,MP03,4,45.44,37.25
V00699,3,26/01/2025,P004,T001,C0046,CH01,E012,MP03,9,222.82,179.94
V00699,4,26/01/2025,P123,T013,C0154,CH01,E012,MP03,1,17.56,7.34
V00700,1,07/12/2023,P059,T009,C0579,CH03,E000,MP02,10,699.19,299.06
V00700,2,07/12/2023,P012,T010,C0465,CH03,E000,MP02,7,258.69,144.68
V00700,3,07/12/2023,P126,T001,C0738,CH03,E000,MP02,6,69.5,39.98
V00700,4,07/12/2023,P059,T021,C0154,CH03,E000,MP02,4,86.67,38.17
V00701,1,07/02/2026,P106,T013,C0658,CH01,E066,MP01,7,496.48,223.61
V00702,1,16/06/2025,P126,T001,C0938,CH03,E000,MP01,3,515.16,281.78
V00702,2,16/06/2025,P100,T001,C0865,CH03,E000,MP01,9,521.0,250.91
V00702,3,16/06/2025,P123,T001,C0938,CH03,E000,MP03,4,10.58,6.09
V00702,4,16/06/2025,P019,T001,C0304,CH03,E000,MP01,3,87.44,58.79
V00703,1,08/10/2024,P012,T009,C0982,CH01,E007,MP02,7,94.84,61.97
V00704,1,16/12/2024,P123,T009,C0988,CH03,E000,MP02,8,343.58,172.3
V00704,2,16/12/2024,P048,T009,C0982,CH03,E000,MP02,5,344.74,192.25
V00705,1,08/09/2023,P019,T010,C0660,CH01,E066,MP02,8,57.89,46.65
V00705,2,08/09/2023,P062,T010,C0436,CH01,E016,MP02,6,313.56,172.23
V00706,1,21/08/2024,P103,T009,C0184,CH01,E000,MP03,8,573.23,258.29
V00706,2,21/08/2024,P143,T009,C0528,CH01,E016,MP03,10,166.88,120.42
V00707,1,26/07/2023,P016,T009,C0562,CH01,E012,MP02,4,12.81,8.26
V00707,2,26/07/2023,P083,T021,C0184,CH01,E012,MP03,1,385.34,192.99
V00708,1,19/12/2023,P054,T001,C0115,CH03,E000,MP01,5,104.57,55.01
V00708,2,19/12/2023,P126,T009,C0882,CH03,E000,MP01,3,234.52,178.2
V00708,3,19/12/2023,P105,T001,C0002,CH03,E000,MP01,1,401.32,173.85
V00708,4,19/12/2023,P083,T001,C0660,CH03,E000,MP01,7,66.55,29.18
V00709,1,07/11/2024,P062,T005,C0973,CH01,E000,MP03,3,398.52,224.08
V00709,2,07/11/2024,P027,T005,C0528,CH01,E064,MP03,7,205.37,142.41
V00709,3,07/11/2024,P105,T013,C0660,CH01,E054,MP03,10,76.76,39.21
V00709,4,07/11/2024,P062,T010,C0044,CH01,E070,MP03,8,418.18,205.19
V00710,1,06/05/2025,P100,T021,C0973,CH02,E000,MP03,10,42.07,33.72
V00710,2,06/05/2025,P100,T021,C0881,CH02,E000,MP03,9,53.07,31.13
V00711,1,02/04/2023,P106,T013,C0988,CH02,E000,MP01,4,490.9,278.19
V00712,1,18/03/2023,P004,T013,C0940,CH03,E000,MP03,2,95.28,46.84
V00712,2,18/03/2023,P076,T009,C0212,CH03,E000,MP03,8,42.32,35.06
V00712,3,18/03/2023,P019,T010,C0304,CH03,E000,MP03,6,171.14,112.34
V00712,4,18/03/2023,P059,T010,C0494,CH03,E000,MP03,8,395.57,176.83
V00713,1,21/02/2023,P083,T005,C0658,CH01,E032,MP01,9,540.69,234.2
V00713,2,21/02/2023,P019,T010,C0154,CH01,E032,MP01,5,472.69,214.99
V00713,3,21/02/2023,P106,T010,C0304,CH01,E032,MP01,1,657.6,264.56
V00714,1,06/11/2025,P004,T021,C0940,CH01,E046,MP01,8,604.78,242.2
V00715,1,12/07/2025,P076,T010,C0002,CH03,E000,MP03,7,378.85,264.11
V00715,2,12/07/2025,P126,T010,C0395,CH03,E000,MP03,8,247.25,143.9
V00715,3,12/07/2025,P038,T010,C0882,CH03,E000,MP03,9,98.18,47.69
V00716,1,09/03/2024,P004,T009,C0395,CH02,E000,MP02,4,447.17,212.55
V00716,2,09/03/2024,P046,T009,C0512,CH02,E000,MP02,2,451.2,259.57
V00716,3,09/03/2024,P117,T009,C0154,CH02,E000,MP02,8,434.86,182.35
V00716,4,09/03/2024,P002,T009,C0395,CH02,E000,MP02,6,348.98,153.93
V00717,1,24/08/2025,P123,T021,C0938,CH03,E000,MP01,4,175.86,125.53
V00718,1,16/09/2023,P076,T009,C0044,CH01,E083,MP02,4,52.65,26.37
V00719,1,01/07/2023,P078,T010,C0988,CH02,E000,MP02,3,380.31,216.25
V00719,2,01/07/2023,P105,T009,C0096,CH02,E000,MP01,8,503.29,265.93
V00719,3,01/07/2023,P048,T001,C0465,CH02,E000,MP01,4,34.31,14.57
V00719,4,01/07/2023,P059,T010,C0982,CH02,E000,MP01,2,156.36,67.53
V00720,1,26/05/2023,P011,T009,C0041,CH03,E000,MP03,10,655.27,288.28
V00721,1,02/07/2025,P046,T013,C0212,CH01,E070,MP03,8,245.48,118.37
V00721,2,02/07/2025,P083,T021,C0660,CH01,E004,MP03,1,658.53,265.67
V00721,3,02/07/2025,P059,T010,C0708,CH01,E012,MP03,8,299.21,157.04
V00722,1,30/01/2024,P117,T009,C0046,CH01,E004,MP03,6,366.32,254.42
V00722,2,30/01/2024,P083,T021,C0046,CH01,E070,MP01,2,301.06,135.35
V00722,3,30/01/2024,P128,T021,C0046,CH01,E059,MP01,8,620.14,287.48
V00722,4,30/01/2024,P038,T010,C0046,CH01,E004,MP02,3,290.08,179.57
V00723,1,25/02/2024,P123,T009,C0784,CH01,E012,MP02,1,629.22,260.29
V00724,1,27/10/2024,P040,T021,C0528,CH01,E007,MP02,3,121.36,92.99
V00724,2,27/10/2024,P123,T021,C0784,CH01,E016,MP01,3,335.97,179.53
V00724,3,27/10/2024,P019,T009,C0579,CH01,E059,MP01,1,348.84,237.42
V00725,1,21/05/2024,P048,T021,C0658,CH02,E000,MP03,3,63.71,31.47
V00726,1,24/07/2025,P011,T013,C0801,CH02,E000,MP02,9,321.71,142.4
V00726,2,24/07/2025,P019,T010,C0973,CH02,E000,MP02,6,247.47,118.3
V00726,3,24/07/2025,P082,T009,C0784,CH02,E000,MP02,7,691.07,290.94
V00727,1,17/06/2023,P100,T013,C0041,CH01,E015,MP01,8,183.96,132.05
V00727,2,17/06/2023,P038,T009,C0982,CH01,E015,MP01,4,192.45,102.54
V00727,3,17/06/2023,P061,T013,C0465,CH01,E015,MP01,1,123.47,68.99
V00728,1,28/07/2023,P105,T009,C0562,CH02,E000,MP02,2,400.93,160.9
V00728,2,28/07/2023,P105,T009,C0660,CH02,E000,MP03,3,130.07,91.83
V00728,3,28/07/2023,P054,T009,C0865,CH02,E000,MP03,2,81.49,41.96
V00729,1,28/09/2023,P061,T001,C0096,CH03,E000,MP03,4,183.33,98.2
V00729,2,28/09/2023,P059,T001,C0781,CH03,E000,MP03,3,441.24,201.38
V00730,1,16/04/2025,P123,T013,C0212,CH03,E000,MP03,2,128.01,91.5
V00730,2,16/04/2025,P027,T013,C0738,CH03,E000,MP03,7,148.73,77.88
V00730,3,16/04/2025,P106,T013,C0882,CH03,E000,MP03,10,329.59,167.17
V00731,1,14/02/2023,P007,T010,C0973,CH03,E000,MP02,6,98.88,61.75
V00732,1,17/05/2024,P076,T005,C0660,CH02,E000,MP03,4,380.12,157.55
V00732,2,17/05/2024,P019,T005,C0708,CH02,E000,MP03,3,200.43,113.88
V00732,3,17/05/2024,P054,T013,C0988,CH02,E000,MP03,3,337.82,162.48
V00732,4,17/05/2024,P061,T009,C0096,CH02,E000,MP03,6,470.56,256.82
V00733,1,02/01/2024,P019,T001,C0044,CH03,E000,MP02,6,410.03,240.37
V00734,1,12/09/2025,P054,T013,C0184,CH01,E015,MP03,10,185.22,87.97
V00734,2,12/09/2025,P082,T013,C0002,CH01,E046,MP03,7,435.7,230.09
V00734,3,12/09/2025,P105,T010,C0096,CH01,E054,MP03,4,536.0,216.83
V00735,1,02/10/2024,P078,T010,C0708,CH03,E000,MP03,1,104.94,74.48
V00735,2,02/10/2024,P059,T005,C0184,CH03,E000,MP03,4,361.31,254.61
V00736,1,26/08/2023,P062,T005,C0494,CH01,E083,MP02,4,254.2,108.29
V00736,2,26/08/2023,P103,T001,C0046,CH01,E017,MP02,2,156.59,99.51
V00737,1,12/11/2023,P105,T010,C0096,CH02,E000,MP03,6,217.12,123.46
V00737,2,12/11/2023,P002,T013,C0436,CH02,E000,MP03,6,383.13,214.92
V00737,3,12/11/2023,P048,T009,C0784,CH02,E000,MP03,7,53.78,33.3
V00738,1,11/01/2025,P126,T010,C0658,CH02,E000,MP01,5,386.55,289.43
V00738,2,11/01/2025,P117,T021,C0784,CH02,E000,MP01,6,60.23,48.28
V00738,3,11/01/2025,P143,T009,C0881,CH02,E000,MP01,10,338.24,163.55
V00739,1,25/12/2023,P059,T001,C0982,CH01,E054,MP02,7,281.08,170.45
V00739,2,25/12/2023,P019,T005,C0982,CH01,E066,MP02,10,272.82,195.87
V00739,3,25/12/2023,P117,T021,C0982,CH01,E077,MP02,9,271.12,217.72
V00739,4,25/12/2023,P053,T013,C0982,CH01,E000,MP02,1,305.78,239.53
V00740,1,23/11/2023,P019,T013,C0940,CH03,E000,MP03,8,258.02,197.23
V00740,2,23/11/2023,P027,T010,C0212,CH03,E000,MP01,7,104.08,47.67
V00740,3,23/11/2023,P002,T021,C0465,CH03,E000,MP03,10,52.91,31.98
V00740,4,23/11/2023,P019,T005,C0801,CH03,E000,MP01,6,374.92,256.07
V00741,1,05/09/2025,P076,T021,C0784,CH03,E000,MP02,8,32.12,22.31
V00741,2,05/09/2025,P061,T013,C0708,CH03,E000,MP02,5,499.65,261.88
V00741,3,05/09/2025,P106,T013,C0801,CH03,E000,MP02,4,208.93,111.82
V00741,4,05/09/2025,P061,T010,C0494,CH03,E000,MP02,5,257.69,213.28
V00742,1,25/02/2024,P054,T021,C0044,CH02,E000,MP02,2,266.77,146.91
V00742,2,25/02/2024,P007,T021,C0304,CH02,E000,MP03,3,575.85,291.92
V00742,3,25/02/2024,P007,T009,C0212,CH02,E000,MP02,9,195.09,150.62
V00742,4,25/02/2024,P046,T010,C0041,CH02,E000,MP03,3,61.49,30.83
V00743,1,23/04/2025,P007,T010,C0660,CH01,E070,MP02,8,145.23,101.32
V00743,2,23/04/2025,P046,T010,C0708,CH01,E016,MP02,7,50.38,39.25
V00744,1,23/02/2024,P128,T005,C0881,CH02,E000,MP03,3,386.06,177.2
V00745,1,19/11/2023,P038,T001,C0781,CH02,E000,MP02,6,165.88,107.44
V00745,2,19/11/2023,P126,T009,C0184,CH02,E000,MP01,7,102.89,50.27
V00745,3,19/11/2023,P100,T005,C0212,CH02,E000,MP02,6,357.61,219.18
V00745,4,19/11/2023,P054,T021,C0882,CH02,E000,MP02,2,244.54,131.55
V00746,1,13/12/2024,P082,T021,C0512,CH01,E070,MP03,5,170.33,140.76
V00747,1,21/12/2025,P040,T009,C0881,CH02,E000,MP03,10,277.38,123.2
V00748,1,11/12/2024,P019,T009,C0465,CH01,E017,MP03,9,169.08,99.79
V00748,2,11/12/2024,P027,T009,C0708,CH01,E012,MP03,1,287.52,160.56
V00748,3,11/12/2024,P004,T009,C0436,CH01,E065,MP03,7,303.59,169.02
V00749,1,20/10/2023,P046,T001,C0801,CH02,E000,MP03,6,219.29,144.29
V00749,2,20/10/2023,P126,T005,C0801,CH02,E000,MP03,5,242.27,116.27
V00750,1,25/08/2025,P027,T013,C0988,CH02,E000,MP03,2,116.66,89.74
V00750,2,25/08/2025,P038,T021,C0212,CH02,E000,MP03,5,471.64,212.09
V00751,1,03/08/2023,P083,T010,C0115,CH03,E000,MP02,1,413.42,268.8
V00751,2,03/08/2023,P117,T021,C0940,CH03,E000,MP02,4,44.93,34.36
V00751,3,03/08/2023,P106,T005,C0304,CH03,E000,MP02,5,282.0,126.3
V00752,1,21/05/2023,P027,T005,C0002,CH01,E072,MP03,2,182.09,78.0
V00753,1,06/06/2023,P100,T005,C0660,CH01,E032,MP02,1,509.24,232.15
V00753,2,06/06/2023,P053,T013,C0494,CH01,E066,MP02,6,11.1,8.22
V00754,1,14/06/2025,P076,T013,C0801,CH01,E066,MP03,10,175.98,132.03
V00754,2,14/06/2025,P082,T005,C0881,CH01,E060,MP03,7,508.41,227.08
V00755,1,08/06/2024,P117,T001,C0528,CH02,E000,MP01,7,385.03,230.95
V00755,2,08/06/2024,P027,T010,C0494,CH02,E000,MP01,6,451.88,210.59
V00756,1,21/01/2026,P046,T010,C0512,CH03,E000,MP02,8,379.98,240.65
V00757,1,02/01/2025,P027,T009,C0465,CH01,E016,MP01,9,180.73,86.43
V00757,2,02/01/2025,P062,T009,C0738,CH01,E004,MP01,9,234.59,185.99
V00757,3,02/01/2025,P106,T009,C0784,CH01,E046,MP01,2,134.31,90.08
V00757,4,02/01/2025,P115,T009,C0738,CH01,E054,MP01,5,291.64,180.33
V00758,1,28/09/2024,P027,T001,C0046,CH02,E000,MP01,2,201.59,164.76
V00758,2,28/09/2024,P117,T021,C0801,CH02,E000,MP01,6,61.35,26.47
V00758,3,28/09/2024,P078,T005,C0579,CH02,E000,MP01,2,31.28,23.79
V00759,1,17/09/2023,P117,T005,C0395,CH03,E000,MP01,8,319.56,266.16
V00760,1,11/04/2023,P117,T021,C0938,CH03,E000,MP01,8,256.87,105.04
V00760,2,11/04/2023,P019,T010,C0988,CH03,E000,MP02,2,261.92,131.59
V00761,1,03/06/2023,P002,T010,C0988,CH01,E072,MP03,9,235.29,172.23
V00762,1,18/04/2024,P105,T005,C0212,CH01,E016,MP02,10,235.77,107.31
V00762,2,18/04/2024,P078,T005,C0154,CH01,E016,MP02,8,589.7,261.11
V00762,3,18/04/2024,P002,T005,C0041,CH01,E016,MP02,3,170.12,77.9
V00762,4,18/04/2024,P002,T005,C0973,CH01,E016,MP03,3,408.78,225.67
V00763,1,27/03/2025,P046,T005,C0395,CH02,E000,MP02,3,24.91,20.32
V00763,2,27/03/2025,P105,T005,C0865,CH02,E000,MP03,6,207.03,106.58
V00764,1,16/12/2023,P002,T010,C0562,CH01,E054,MP02,9,729.12,293.24
V00764,2,16/12/2023,P007,T010,C0395,CH01,E070,MP02,2,305.12,163.75
V00764,3,16/12/2023,P103,T021,C0141,CH01,E054,MP02,7,494.78,238.7
V00765,1,08/11/2025,P019,T010,C0212,CH02,E000,MP03,6,155.97,78.55
V00765,2,08/11/2025,P117,T010,C0096,CH02,E000,MP03,10,416.43,193.13
V00765,3,08/11/2025,P123,T005,C0494,CH02,E000,MP03,9,59.47,39.12
V00765,4,08/11/2025,P038,T005,C0781,CH02,E000,MP03,4,129.28,96.09
V00766,1,15/01/2026,P082,T010,C0982,CH02,E000,MP02,2,133.92,107.43
V00766,2,15/01/2026,P004,T001,C0304,CH02,E000,MP02,10,420.12,218.66
V00766,3,15/01/2026,P143,T013,C0982,CH02,E000,MP02,7,732.99,293.23
V00767,1,13/05/2023,P007,T021,C0660,CH01,E032,MP01,2,46.09,25.73
V00767,2,13/05/2023,P016,T005,C0801,CH01,E015,MP01,6,258.56,159.09
V00768,1,07/01/2024,P082,T021,C0512,CH02,E000,MP01,5,182.14,86.68
V00768,2,07/01/2024,P143,T009,C0738,CH02,E000,MP01,8,284.46,140.61
V00768,3,07/01/2024,P027,T010,C0738,CH02,E000,MP01,8,140.71,60.81
V00769,1,11/08/2023,P054,T021,C0212,CH02,E000,MP02,1,284.92,193.57
V00769,2,11/08/2023,P019,T009,C0882,CH02,E000,MP02,7,26.98,15.07
V00769,3,11/08/2023,P061,T009,C0395,CH02,E000,MP02,8,417.86,195.67
V00769,4,11/08/2023,P105,T013,C0154,CH02,E000,MP02,1,658.24,293.56
V00770,1,12/10/2025,P117,T021,C0512,CH03,E000,MP03,8,147.71,63.82
V00770,2,12/10/2025,P115,T013,C0882,CH03,E000,MP03,2,174.02,129.09
V00771,1,28/12/2025,P007,T005,C0881,CH02,E000,MP03,10,189.05,79.37
V00771,2,28/12/2025,P078,T005,C0982,CH02,E000,MP02,3,135.92,87.58
V00771,3,28/12/2025,P027,T001,C0882,CH02,E000,MP03,10,460.93,289.78
V00771,4,28/12/2025,P007,T009,C0973,CH02,E000,MP01,5,217.66,106.37
V00772,1,21/01/2026,P040,T013,C0781,CH02,E000,MP03,6,290.9,172.27
V00772,2,21/01/2026,P002,T013,C0046,CH02,E000,MP03,4,137.89,90.14
V00772,3,21/01/2026,P123,T013,C0579,CH02,E000,MP03,6,262.92,203.15
V00773,1,21/10/2024,P083,T001,C0154,CH01,E079,MP01,1,300.12,146.29
V00774,1,01/07/2024,P004,T010,C0395,CH01,E046,MP01,3,430.42,288.91
V00774,2,01/07/2024,P103,T001,C0938,CH01,E004,MP01,1,439.83,244.8
V00774,3,01/07/2024,P011,T010,C0738,CH01,E077,MP01,6,369.2,293.74
V00775,1,25/06/2025,P115,T005,C0465,CH01,E054,MP02,1,133.82,74.62
V00775,2,25/06/2025,P105,T010,C0184,CH01,E064,MP02,10,72.02,49.23
V00775,3,25/06/2025,P076,T001,C0938,CH01,E015,MP02,9,572.01,234.12
V00776,1,10/02/2025,P061,T021,C0708,CH02,E000,MP01,9,158.43,111.48
V00777,1,19/09/2023,P117,T001,C0982,CH03,E000,MP02,2,26.84,19.88
V00777,2,19/09/2023,P019,T021,C0928,CH03,E000,MP02,7,13.53,10.38
V00777,3,19/09/2023,P082,T010,C0801,CH03,E000,MP02,7,142.03,99.4
V00777,4,19/09/2023,P123,T010,C0044,CH03,E000,MP02,9,227.67,113.69
V00778,1,16/05/2023,P117,T010,C0973,CH03,E000,MP01,7,193.01,82.43
V00778,2,16/05/2023,P046,T010,C0938,CH03,E000,MP01,2,112.6,90.21
V00778,3,16/05/2023,P126,T010,C0881,CH03,E000,MP01,3,166.5,71.28
V00779,1,17/04/2024,P103,T001,C0002,CH01,E072,MP01,9,255.46,182.2
V00779,2,17/04/2024,P004,T010,C0044,CH01,E083,MP01,1,101.49,52.7
V00779,3,17/04/2024,P115,T010,C0044,CH01,E083,MP01,1,27.96,16.75
V00780,1,29/04/2023,P016,T009,C0660,CH03,E000,MP03,3,46.65,28.23
V00780,2,29/04/2023,P062,T013,C0154,CH03,E000,MP03,5,226.37,179.25
V00780,3,29/04/2023,P019,T009,C0658,CH03,E000,MP03,6,332.71,182.24
V00780,4,29/04/2023,P002,T001,C0801,CH03,E000,MP03,8,290.09,173.05
V00781,1,19/11/2023,P143,T001,C0881,CH02,E000,MP02,10,131.59,104.51
V00781,2,19/11/2023,P002,T010,C0784,CH02,E000,MP01,6,92.8,55.95
V00781,3,19/11/2023,P100,T013,C0041,CH02,E000,MP02,10,98.49,56.87
V00781,4,19/11/2023,P100,T005,C0784,CH02,E000,MP02,2,476.93,237.07
V00782,1,11/01/2026,P027,T009,C0865,CH01,E072,MP03,10,417.71,218.86
V00783,1,19/02/2026,P038,T013,C0044,CH01,E000,MP02,7,542.63,223.55
V00783,2,19/02/2026,P054,T013,C0801,CH01,E059,MP02,2,98.23,74.91
V00783,3,19/02/2026,P019,T013,C0044,CH01,E072,MP02,7,162.25,126.82
V00784,1,06/05/2025,P019,T009,C0494,CH02,E000,MP01,5,481.15,275.74
V00784,2,06/05/2025,P082,T010,C0562,CH02,E000,MP01,7,277.99,161.44
V00784,3,06/05/2025,P054,T013,C0982,CH02,E000,MP01,7,421.86,291.71
V00785,1,10/10/2023,P103,T005,C0865,CH03,E000,MP03,6,499.03,232.42
V00785,2,10/10/2023,P082,T021,C0988,CH03,E000,MP03,5,276.07,221.05
V00785,3,10/10/2023,P046,T005,C0562,CH03,E000,MP03,2,56.18,36.66
V00786,1,03/05/2024,P083,T009,C0882,CH02,E000,MP01,4,57.88,34.86
V00786,2,03/05/2024,P083,T001,C0395,CH02,E000,MP03,4,711.15,292.63
V00787,1,27/02/2023,P046,T013,C0115,CH02,E000,MP01,3,402.56,289.42
V00788,1,04/08/2023,P048,T005,C0436,CH01,E064,MP03,6,311.43,205.23
V00788,2,04/08/2023,P143,T005,C0940,CH01,E077,MP03,1,346.84,233.25
V00788,3,04/08/2023,P053,T005,C0304,CH01,E083,MP03,7,316.18,142.55
V00789,1,15/04/2023,P016,T010,C0212,CH02,E000,MP03,3,127.75,71.69
V00789,2,15/04/2023,P117,T013,C0212,CH02,E000,MP03,3,14.49,6.66
V00790,1,17/11/2023,P053,T001,C0988,CH01,E079,MP01,5,429.32,194.87
V00790,2,17/11/2023,P007,T021,C0041,CH01,E070,MP01,9,233.96,107.98
V00791,1,12/04/2025,P061,T010,C0395,CH01,E083,MP03,7,53.2,23.54
V00791,2,12/04/2025,P062,T010,C0660,CH01,E015,MP03,8,466.61,241.82
V00791,3,12/04/2025,P076,T010,C0801,CH01,E060,MP02,2,159.94,132.92
V00791,4,12/04/2025,P054,T010,C0141,CH01,E065,MP03,5,153.84,115.36
V00792,1,03/10/2023,P126,T001,C0141,CH02,E000,MP03,10,591.69,291.95
V00792,2,03/10/2023,P083,T005,C0528,CH02,E000,MP02,5,349.88,187.67
V00792,3,03/10/2023,P100,T009,C0660,CH02,E000,MP02,9,305.01,240.35
V00793,1,27/06/2024,P048,T009,C0784,CH03,E000,MP03,6,246.84,119.63
V00793,2,27/06/2024,P054,T013,C0046,CH03,E000,MP03,9,531.98,287.66
V00793,3,27/06/2024,P053,T005,C0801,CH03,E000,MP03,10,216.14,88.36
V00793,4,27/06/2024,P019,T001,C0938,CH03,E000,MP03,8,523.63,261.0
V00794,1,23/03/2024,P007,T013,C0046,CH01,E012,MP02,6,225.07,121.7
V00794,2,23/03/2024,P083,T001,C0865,CH01,E012,MP02,3,187.96,101.92
V00795,1,05/09/2024,P100,T001,C0784,CH01,E015,MP01,5,320.06,135.41
V00796,1,08/02/2026,P004,T005,C0115,CH01,E015,MP03,9,62.89,29.47
V00797,1,11/03/2025,P105,T005,C0512,CH02,E000,MP01,10,415.32,293.32
V00797,2,11/03/2025,P123,T005,C0801,CH02,E000,MP01,6,290.93,190.99
V00797,3,11/03/2025,P103,T005,C0154,CH02,E000,MP01,3,52.24,36.41
V00797,4,11/03/2025,P103,T005,C0784,CH02,E000,MP01,3,85.56,44.68
V00798,1,21/08/2025,P004,T013,C0781,CH01,E017,MP02,4,156.31,127.5
V00798,2,21/08/2025,P053,T001,C0044,CH01,E017,MP02,9,345.82,175.08
V00798,3,21/08/2025,P115,T010,C0512,CH01,E017,MP02,4,584.34,237.87
V00798,4,21/08/2025,P007,T001,C0002,CH01,E017,MP02,7,27.21,13.99
V00799,1,23/10/2025,P078,T021,C0494,CH02,E000,MP02,8,491.86,235.15
V00799,2,23/10/2025,P115,T005,C0738,CH02,E000,MP02,8,51.22,41.74
V00800,1,08/01/2024,P040,T013,C0115,CH01,E059,MP03,9,139.12,67.2
V00800,2,08/01/2024,P027,T021,C0154,CH01,E015,MP03,3,450.25,196.52
V00801,1,19/12/2025,P054,T013,C0865,CH03,E000,MP03,8,349.82,255.41
V00801,2,19/12/2025,P027,T001,C0882,CH03,E000,MP03,2,284.19,142.2
V00801,3,19/12/2025,P011,T010,C0184,CH03,E000,MP03,6,215.0,88.23
V00801,4,19/12/2025,P007,T001,C0708,CH03,E000,MP03,5,397.97,238.07
V00802,1,19/08/2023,P117,T010,C0940,CH02,E000,MP02,4,475.84,198.24
V00802,2,19/08/2023,P117,T001,C0938,CH02,E000,MP02,6,375.68,159.18
V00802,3,19/08/2023,P143,T005,C0928,CH02,E000,MP02,9,50.75,40.33
V00802,4,19/08/2023,P011,T021,C0002,CH02,E000,MP02,6,569.1,251.49
V00803,1,01/03/2024,P054,T013,C0881,CH01,E004,MP01,10,505.61,294.5
V00803,2,01/03/2024,P016,T013,C0881,CH01,E004,MP01,4,354.78,167.04
V00803,3,01/03/2024,P117,T013,C0881,CH01,E004,MP01,3,449.42,258.57
V00803,4,01/03/2024,P106,T013,C0881,CH01,E004,MP01,4,28.33,22.95
V00804,1,20/01/2024,P062,T009,C0528,CH03,E000,MP01,8,115.63,58.25
V00804,2,20/01/2024,P038,T009,C0436,CH03,E000,MP02,7,80.27,34.64
V00805,1,02/04/2025,P004,T021,C0528,CH03,E000,MP02,10,573.65,242.72
V00806,1,05/01/2024,P105,T021,C0528,CH01,E012,MP02,1,35.3,15.39
V00806,2,05/01/2024,P011,T009,C0096,CH01,E016,MP02,3,98.46,42.17
V00807,1,17/01/2024,P105,T021,C0044,CH01,E046,MP03,9,289.01,119.51
V00808,1,11/01/2024,P048,T009,C0882,CH02,E000,MP03,7,400.0,286.54
V00809,1,15/10/2024,P012,T001,C0212,CH01,E016,MP01,3,411.91,183.88
V00809,2,15/10/2024,P082,T009,C0212,CH01,E016,MP01,4,182.39,143.34
V00810,1,27/07/2025,P038,T010,C0988,CH02,E000,MP02,5,201.12,134.31
V00810,2,27/07/2025,P078,T005,C0938,CH02,E000,MP02,1,436.32,262.7
V00810,3,27/07/2025,P128,T005,C0708,CH02,E000,MP02,9,578.15,242.59
V00810,4,27/07/2025,P053,T009,C0041,CH02,E000,MP02,2,331.13,275.29
V00811,1,23/11/2023,P054,T021,C0041,CH02,E000,MP01,8,158.46,115.67
V00811,2,23/11/2023,P002,T001,C0784,CH02,E000,MP01,1,193.79,100.12
V00811,3,23/11/2023,P106,T021,C0784,CH02,E000,MP01,8,135.45,62.02
V00811,4,23/11/2023,P019,T009,C0940,CH02,E000,MP01,9,121.63,49.53
V00812,1,08/01/2025,P126,T010,C0184,CH03,E000,MP02,3,228.16,170.1
